1	2.8.10	"Ding"	"10F085"	"10F085Cr1"	"Chrom"	"1550 cm-1"	488	150	10	30,00	40,00	1200	"-"		"µc-SiC/µc-Si"				"Corning 0.7mm"	647
2	2.8.10	"Ding"	"10F086"	"10F086Cr1"	"Chrom"	"1550 cm-1"	488	150	10	30,00	40,00	1200	"-"		"µc-SiC/µc-Si"				"Corning rau"	413
3	2.8.10	"Ding"	"10F087"	"10F087Cr1"	"Chrom"	"1550 cm-1"	488	150	10	30,00	40,00	1200	"-"		"µc-SiC/µc-Si"				"Quarz"	752
4	2.8.10	"Ding"	"10F088"	"10F088Cr1"	"Chrom"	"1550 cm-1"	488	150	10	30,00	40,00	1200	"-"		"µc-SiC/µc-Si"				"Quarz rau"	"x"
5	2.8.10	"Ding"	"10F089"	"10F089Cr1"	"Chrom"	"1550 cm-1"	488	150	10	30,00	40,00	1200	"-"		"µc-SiC/µc-Si"				"ZnO"	"x"
6	2.8.10	"Ding"	"10F088"	"10F088Cr2"	"Chrom"	"1550 cm-1"	488	150	10	30,00	40,00	1200	"-"		"µc-SiC/µc-Si"				"ZnO geätzt"	"x"
7	3.8.10	"Schmalen"	"10o003"	"10o003Cr1"	"Chrom"	"1550 cm-1"	488	150	10	30,00	40,00	1200	"-"		"µc-SiC"				"Asahi-U"	"x"
8	3.8.10	"Schmalen"	"10o004"	"10o004Cr1"	"Chrom"	"1550 cm-1"	488	150	10	30,00	40,00	1200	"-"		"µc-SiC"				"Si-Wafer"	"x"
9	3.8.10	"Schmalen"	"10o005"	"10o005Cr1"	"Chrom"	"1550 cm-1"	488	150	5	30,00	40,00	1200	"-"		"µc-SiC"				"Chrom"	"x"
10	3.8.10	"Schmalen"	"10o006"	"10o006Cr1"	"Chrom"	"1550 cm-1"	488	150	10	30,00	40,00	1200	"-"		"µc-SiC"				"Alu Folie"	
11	3.8.10	"Schmalen"	"10o007"	"10o007Cr1"	"Chrom"	"1550 cm-1"	488	150	5	10,00	40,00	1200	"-"		"µc-SiC"				"Molydän Folie"	
12	13.8.10	"Ding"	"10F090"	"10F090Cr1"	"Chrom"	"1550 cm-1"	488	150	10	30,00	40,00	1200	"-"		"µc-SiC/µc-Si"				"Floatglas"	
13	13.8.10	"Ding"	"10F091"	"10F091Cr1"	"Chrom"	"1550 cm-1"	488	150	10	30,00	40,00	1200	"-"		"µc-SiC/µc-Si"				"Eagle2000"	
14	13.8.10	"Ding"	"10F092"	"10F092Cr1"	"Chrom"	"1550 cm-1"	488	150	5	5,00	40,00	1200	"-"		"µc-SiC/µc-Si"				"Edelstahlfolie"	
15	13.8.10	"Ding"	"10F093"	"10F093Cr1"	"Chrom"	"1550 cm-1"	488	150	5	10,00	40,00	1200	"-"		"µc-SiC/µc-Si"				"x"	
16	13.8.10	"Ding"	"10F094"	"10F094Cr1"	"Chrom"	"1550 cm-1"	488	150	5	30,00	40,00	1200	"-"		"µc-SiC/µc-Si"				"x"	
17	13.8.10	"Ding"	"10F095"	"10F095Cr1"	"Chrom"	"1550 cm-1"	488	150	5	30,00	40,00	1200	"-"		"µc-SiC/µc-Si"					
18	13.8.10	"Haas"	"06L267"	"06L237_1_15_"	"Asahi-U"	"700 cm-1"	488	150			0,10	2400	"250x"		"Laserkante. Div. Messungen"					
19	17.8.10	"Köhler"	"09L871"	"09L871g1"	"Corning 1.1mm"	"800 cm-1"	647	150	5	120,00	35,00	1200								
20	17.8.10	"Köhler"	"09L871"	"09L871g2"	"Corning 1.1mm"	"800 cm-1"	647	150	10	60,00	35,00	1200								
21	17.8.10	"Köhler"	"09L871"	"09L871g3"	"Corning 1.1mm"	"800 cm-1"	647	150	3	120,00	35,00	1200								
22	17.8.10	"Köhler"	"08L291"	"08L291g1"	"Corning 1.1mm"	"800 cm-1"	647	150	3	120,00	35,00	1200								
23	17.8.10	"Köhler"	"08L291"	"08L291g2"	"Corning 1.1mm"	"800 cm-1"	647	150	3	120,00	35,00	1200								
24	17.8.10	"Köhler"	"08L291"	"08L291g3"	"Corning 1.1mm"	"800 cm-1"	647	150	3	120,00	35,00	1200								
25	17.8.10	"Köhler"	"09L869"	"09L869c1"	"Chrom"	"800 cm-1"	647	150	3	120,00	35,00	1200								
26	18.8.10	"Köhler"	"09L869"	"09L869c2"	"Chrom"	"800 cm-1"	647	150	1	120,00	35,00	1200								
27	18.8.10	"Köhler"	"09L869"	"09L869c3"	"Chrom"	"800 cm-1"	647	150	3	120,00	35,00	1200								
28	18.8.10	"Köhler"	"09L869"	"09L869g1"	"Corning 1.1mm"	"800 cm-1"	647	150	3	120,00	35,00	1200								
29	18.8.10	"Köhler"	"09L869"	"09L869g2"	"Corning 1.1mm"	"800 cm-1"	647	150	3	120,00	35,00	1200								
30	18.8.10	"Köhler"	"09L869"	"09L869g3"	"Corning 1.1mm"	"800 cm-1"	647	150	5	120,00	35,00	1200								
31	18.8.10	"Köhler"	"08L262"	"08L262g1"	"Corning 1.1mm"	"800 cm-1"	647	150	5	60,00	35,00	1200			"abgeplatzt"					
32	18.8.10	"Köhler"	"08L262"	"08L262g2"	"Corning 1.1mm"	"800 cm-1"	647	150	5	60,00	35,00	1200			"abgeplatzt"					
33	18.8.10	"Köhler"	"08L262"	"08L262c1"	"Chrom"	"800 cm-1"	647	150	5	60,00	35,00	1200								
34	18.8.10	"Köhler"	"08L262"	"08L262c2"	"Chrom"	"800 cm-1"	647	150	5	60,00	35,00	1200								
35	18.8.10	"Köhler"	"08L262"	"08L262c3"	"Chrom"	"800 cm-1"	647	150	5	60,00	35,00	1200								
36	18.8.10	"Köhler"	"08L275"	"08L275g1"	"Corning 1.1mm"	"800 cm-1"	647	150	4	120,00	35,00	1200			"abgeplatzt"					
37	18.8.10	"Köhler"	"08L275"	"08L275g2"	"Corning 1.1mm"	"800 cm-1"	647	150	4	120,00	35,00	1200			"abgeplatzt"					
38	18.8.10	"Köhler"	"08L275"	"08L275c1"	"Chrom"	"800 cm-1"	647	150	5	60,00	35,00	1200								
39	18.8.10	"Köhler"	"08L275"	"08L275c2"	"Chrom"	"800 cm-1"	647	150	5	60,00	35,00	1200								
40	18.8.10	"Köhler"	"08L275"	"08L275c3"	"Chrom"	"800 cm-1"	647	150	5	60,00	35,00	1200								
41	18.8.10	"Köhler"	"08L291"	"08L291c1"	"Chrom"	"800 cm-1"	647	150	4	90,00	35,00	1200								
42	18.8.10	"Köhler"	"08L291"	"08L291c2"	"Chrom"	"800 cm-1"	647	150	4	90,00	35,00	1200								
43	18.8.10	"Köhler"	"08L291"	"08L291c3"	"Chrom"	"800 cm-1"	647	150	5	90,00	35,00	1200								
44	18.8.10	"Köhler"	"08L264"	"08L264c1"	"Chrom"	"800 cm-1"	647	150	5	60,00	35,00	1200								
45	18.8.10	"Köhler"	"08L264"	"08L264c2"	"Chrom"	"800 cm-1"	647	150	5	60,00	35,00	1200								
46	19.8.10	"Köhler"	"08L264"	"08L264c3"	"Chrom"	"800 cm-1"	647	150	4	60,00	35,00									
47	19.8.10	"Köhler"	"08L264"	"08L264g1"	"Corning 1.1mm"	"800 cm-1"	647	150	5	60,00	35,00									
48	19.8.10	"Köhler"	"08L264"	"08L264g2"	"Corning 1.1mm"	"800 cm-1"	647	150	5	60,00	35,00									
49	19.8.10	"Köhler"	"08L264"	"08L264g3"	"Corning 1.1mm"	"800 cm-1"	647	150			35,00									
50	19.8.10	"Köhler"	"CorningRef"	"CorningRef"	"Corning 1.1mm"	"800 cm-1"	647	150	5	40,00	35,00									
51	19.8.10	"Köhler"	"09L873"	"09L873c1"	"Chrom"	"800 cm-1"	647	150	5	60,00	35,00									
52	19.8.10	"Köhler"	"09L873"	"09L873c2"	"Chrom"	"800 cm-1"	647	150	5	60,00	35,00									
53	19.8.10	"Köhler"	"09L873"	"09L873c3"	"Chrom"	"800 cm-1"	647	150	5	60,00	35,00									
54	19.8.10	"Köhler"	"09L873"	"09L873g1"	"Corning 1.1mm"	"800 cm-1"	647	150	5	60,00	35,00				"abgeplatzt"					
55	19.8.10	"Köhler"	"09L873"	"09L873g2"	"Corning 1.1mm"	"800 cm-1"	647	150	5	60,00	35,00									
56	19.8.10	"Köhler"	"09L867"	"09L867g1"	"Corning 1.1mm"	"800 cm-1"	647	150	5	60,00	35,00									
57	19.8.10	"Köhler"	"09L867"	"09L867g2"	"Corning 1.1mm"	"800 cm-1"	647	150	5	60,00	35,00									
58	19.8.10	"Köhler"	"09L867"	"09L867c1"	"Chrom"	"800 cm-1"	647	150	5	90,00	35,00									
59	19.8.10	"Köhler"	"09L867"	"09L867c2"	"Chrom"	"800 cm-1"	647	150	5	90,00	35,00									
60	19.8.10	"Köhler"	"09L1206"	"09L1206c1"	"Chrom"	"800 cm-1"	647	150	5	60,00	35,00									
61	19.8.10	"Köhler"	"09L1206"	"09L1206c2"	"Chrom"	"800 cm-1"	647	150	5	60,00	35,00									
62	19.8.10	"Köhler"	"09L1206"	"09L1206c3"	"Chrom"	"800 cm-1"	647	150	5	60,00	35,00									
63	19.8.10	"Köhler"	"09L871"	"09L871c1"	"Chrom"	"800 cm-1"	647	150	5	60,00	35,00									
64	19.8.10	"Köhler"	"09L871"	"09L871c2"	"Chrom"	"800 cm-1"	647	150	5	60,00	35,00									
65	19.8.10	"Köhler"	"09L871"	"09L871c3"	"Chrom"	"800 cm-1"	647	150	5	60,00	35,00									
66	19.8.10	"Köhler"	"09L1067"	"09L1067c1"	"Chrom"	"800 cm-1"	647	150	5	30,00	35,00									
67	19.8.10	"Köhler"	"09L1067"	"09L1067c2"	"Chrom"	"800 cm-1"	647	150	5	30,00	35,00									
68	19.8.10	"Köhler"	"09L1067"	"09L1067c3"	"Chrom"	"800 cm-1"	647	150	5	30,00	35,00				"nach absturz, ohne rejustage"					
69	19.8.10	"Köhler"	"09L1067"	"09L1067c4"	"Chrom"	"800 cm-1"	647	150	5	30,00	35,00				"rejustiert mit Si"					
70	19.8.10	"Köhler"	"09L1067"	"09L1067g1"	"Corning 1.1mm"	"800 cm-1"	647	150	5	30,00	35,00									
71	19.8.10	"Köhler"	"09L1067"	"09L1067g2"	"Corning 1.1mm"	"800 cm-1"	647	150	5	30,00	35,00									
72	19.8.10	"Köhler"	"09L1067"	"09L1067g3"	"Corning 1.1mm"	"800 cm-1"	647	150	5	30,00	35,00									
73	19.8.10	"Köhler"	"09L869"	"09L869c4"	"Chrom"	"800 cm-1"	647	150	5	30,00	35,00									
74	19.8.10	"Köhler"	"09L865"	"09L865c1"	"Chrom"	"800 cm-1"	647	150	5	30,00	35,00									
75	19.8.10	"Köhler"	"09L865"	"09L865c2"	"Chrom"	"800 cm-1"	647	150	5	30,00	35,00									
76	20.8.10	"Nuys"	"10M048"	"10M048c1"	"Corning 1.1mm"	"1550 cm-1"	488	150	5	10,00	0,20	1200	"50x/0.5"		"CuxS"					
77	20.8.10	"Nuys"	"10M043"	"10M043c1"	"Corning 1.1mm"	"1550 cm-1"	488	150	5	10,00	0,20		"50x/0.5"		"CuxS"					
78	20.8.10	"Nuys"	"10M041"	"10M041c1"	"Corning 1.1mm"	"1550 cm-1"	488	150	5	20,00	0,20		"50x/0.5"		"CuxS"					
79	20.8.10	"Nuys"	"10M044"	"10M044c1"	"Corning 1.1mm"	"1550 cm-1"	488	150	5	10,00	0,20		"50x/0.5"		"CuxS (Rand gemessen)"					
80	20.8.10	"Muthmann"	"10S126"	"09S126Nr1"	"Corning 1.1mm"	700	488	150	5	10,00										
81	20.8.10	"Muthmann"	"10S126"	"09S126Nr2"	"Corning 1.1mm"	700	488	150	5	10,00										
82	20.8.10	"Muthmann"	"10S126"	"09S126Nr3"	"Corning 1.1mm"	700	488	150	5	10,00										
83	20.8.10	"Muthmann"	"10S126"	"09S126Nr4"	"Corning 1.1mm"	700	488	150	5	10,00										
84	20.8.10	"Muthmann"	"10S126"	"09S126Nr5"	"Corning 1.1mm"	700	488	150	5	10,00										
85	20.8.10	"Muthmann"	"10S126"	"09S126Nr6"	"Corning 1.1mm"	700	488	150	5	10,00										
86	20.8.10	"Muthmann"	"10S126"	"09S126Nr7"	"Corning 1.1mm"	700	488	150	5	10,00										
87	20.8.10	"Muthmann"	"10S126"	"09S126Nr8"	"Corning 1.1mm"	700	488	150	5	10,00										
88	20.8.10	"Muthmann"	"10S126"	"09S126Nr9"	"Corning 1.1mm"	700	488	150	5	10,00										
89	20.8.10	"Muthmann"	"10S126"	"09S126Nr10"	"Corning 1.1mm"	700	488	150	5	10,00										
90	20.8.10	"Muthmann"	"10S126"	"09S126Nr11"	"Corning 1.1mm"	700	488	150	5	10,00										
91	20.8.10	"Muthmann"	"10S126"	"09S126Nr12"	"Corning 1.1mm"	700	488	150	5	10,00										
92	20.8.10	"Muthmann"	"10S126"	"09S126Nr13"	"Corning 1.1mm"	700	488	150	5	10,00										
93	20.8.10	"Muthmann"	"10S127"	"09S127Nr1"	"Corning 1.1mm"	700	488	150	5	10,00										
94	20.8.10	"Muthmann"	"10S127"	"09S127Nr2"	"Corning 1.1mm"	700	488	150	5	10,00										
95	20.8.10	"Muthmann"	"10S127"	"09S127Nr3"	"Corning 1.1mm"	700	488	150	5	10,00										
96	20.8.10	"Muthmann"	"10S127"	"09S127Nr4"	"Corning 1.1mm"	700	488	150	5	10,00										
97	20.8.10	"Muthmann"	"10S127"	"09S127Nr5"	"Corning 1.1mm"	700	488	150	5	10,00										
98	20.8.10	"Muthmann"	"10S127"	"09S127Nr6"	"Corning 1.1mm"	700	488	150	5	10,00										
99	20.8.10	"Muthmann"	"10S127"	"09S127Nr7"	"Corning 1.1mm"	700	488	150	5	10,00										
100	20.8.10	"Muthmann"	"10S127"	"09S127Nr8"	"Corning 1.1mm"	700	488	150	5	10,00										
101	20.8.10	"Muthmann"	"10S127"	"09S127Nr9"	"Corning 1.1mm"	700	488	150	5	10,00										
102	20.8.10	"Muthmann"	"10S127"	"09S127Nr10"	"Corning 1.1mm"	700	488	150	5	10,00										
103	20.8.10	"Muthmann"	"10S127"	"09S127Nr11"	"Corning 1.1mm"	700	488	150	5	10,00										
104	20.8.10	"Muthmann"	"10S127"	"09S127Nr12"	"Corning 1.1mm"	700	488	150	5	10,00										
105	20.8.10	"Muthmann"	"10S127"	"09S127Nr13"	"Corning 1.1mm"	700	488	150	5	10,00										
106	20.8.10	"Muthmann"	"10S125"	"09S125Nr1"	"Corning 1.1mm"	700	488	150	5	10,00										
107	20.8.10	"Muthmann"	"10S125"	"09S125Nr2"	"Corning 1.1mm"	700	488	150	5	10,00										
108	20.8.10	"Muthmann"	"10S125"	"09S125Nr3"	"Corning 1.1mm"	700	488	150	5	10,00										
109	20.8.10	"Muthmann"	"10S125"	"09S125Nr4"	"Corning 1.1mm"	700	488	150	5	10,00										
110	20.8.10	"Muthmann"	"10S125"	"09S125Nr5"	"Corning 1.1mm"	700	488	150	5	10,00										
111	20.8.10	"Muthmann"	"10S125"	"09S125Nr6"	"Corning 1.1mm"	700	488	150	5	10,00										
112	20.8.10	"Muthmann"	"10S125"	"09S125Nr7"	"Corning 1.1mm"	700	488	150	5	10,00										
113	20.8.10	"Muthmann"	"10S125"	"09S125Nr8"	"Corning 1.1mm"	700	488	150	5	10,00										
114	20.8.10	"Muthmann"	"10S125"	"09S125Nr9"	"Corning 1.1mm"	700	488	150	5	10,00										
115	20.8.10	"Muthmann"	"10S125"	"09S125Nr10"	"Corning 1.1mm"	700	488	150	5	10,00										
116	20.8.10	"Muthmann"	"10S125"	"09S125Nr11"	"Corning 1.1mm"	700	488	150	5	10,00										
117	20.8.10	"Muthmann"	"10S125"	"09S125Nr12"	"Corning 1.1mm"	700	488	150	5	10,00										
118	20.8.10	"Muthmann"	"10S125"	"09S125Nr13"	"Corning 1.1mm"	700	488	150	5	10,00										
119	23.8.10	"ACME"	"TS0221/5"	"TS0221_5_e1"	"Edelstahlfolie"	700	488	150	5	60,00	0,12	2400	"50x/0.8"							
120	23.8.10	"ACME"	"TS0221/6"	"TS0221_6_e1"	"Edelstahlfolie"	700	488	150	5	60,00	0,12	2400	"50x/0.8"							
121	23.8.10	"ACME"	"TS0221/1"	"TS0221_1_c1"	"Corning 1.1mm"	700	488	150	5	10,00	0,12	2400	"50x/0.8"		"gemessen zwischen den metallstreifen, hohe kristallinität und asymmetrie (FANO?)"					
122	23.8.10	"ACME"	"TS0221/2"	"TS0221_2_c1"	"Corning 1.1mm"	700	488	150	5	10,00	0,12	2400	"50x/0.8"							
123	23.8.10	"ACME"	"TS0221/4"	"TS0221_4_c1"	"Corning 1.1mm"	700	488	150	5	10,00	0,12	2400	"50x/0.8"		"gemessen zwischen den metallstreifen, hohe kristallinität und asymmetrie (FANO?)"					
124	23.8.10	"ACME"	"TS0221/3"	"TS0221_3_c1"	"Corning 1.1mm"	700	488	150	5	10,00	0,12	2400	"50x/0.8"		"gemessen neben dem metallstreifen, hohe kristallinität und asymmetrie (FANO?)"					
125	23.8.10	"Nuys"	"10M037"	"10M037_300er_850nm_OG570_190µW_230810_1"	"Quarz"	850	488	200	5	50,00	0,19	300	"50x/0.5"							
126	23.8.10	"Nuys"	"10M037"	"10M037_300er_700nm_OG530_190µW_230810_1"	"Quarz"	700	488	200	5	50,00	0,19	300	"50x/0.5"							
127	23.8.10	"Nuys"	"10M037"	"10M037_300er_1000nm_RG6650_190µW_230810_1"	"Quarz"	1000	488	200	5	50,00	0,19	300	"50x/0.5"							
128	23.8.10	"Nuys"	"10M037"	"10M037_1200er_1550relcm_190µW_230810_1"	"Quarz"	1550	488	200	5	60,00	0,19	1200	"50x/0.5"							
129	23.8.10	"Nuys"	"10M037"	"10M037_1200er_1550relcm_790µW_230810_1"	"Quarz"	1550	488	200	5	60,00	0,19	1200	"50x/0.5"							
130	23.8.10	"Nuys"	"10M037"	"10M037_300er_850nm_OG570_790µW_230810_1"	"Quarz"	850	488	200	5	50,00	0,19	300	"50x/0.5"							
131	23.8.10	"Nuys"	"10M037"	"10M037_300er_1000nm_RG6650_790µW_230810_1"	"Quarz"	1000	488	200	5	50,00	0,19	300	"50x/0.5"							
132	23.8.10	"Nuys"	"10M037"	"10M037_300er_700nm_OG530_790µW_230810_1"	"Quarz"	700	488	200	5	50,00	0,19	300	"50x/0.5"							
133	23.8.10	"Nuys"	"10M037"	"10M037_300er_700nm_OG530_190µW_2_230810_1"	"Quarz"	700	488	200	5	50,00	0,19	300	"50x/0.5"							
134	23.8.10	"Nuys"	"10M037"	"10M037_300er_850nm_OG570_190µW_2_230810_1"	"Quarz"	850	488	200	5	50,00	0,19	300	"50x/0.5"							
135	23.8.10	"Nuys"	"10M037"	"10M037_300er_1000nm_RG6650_190µW_2_230810_1"	"Quarz"	1000	488	200	5	50,00	0,19	300	"50x/0.5"							
136	23.8.10	"Nuys"	"10M037"	"10M037_300er_1000nm_RG6650_190µW_230810_Untergrund_1"	"Quarz"	1000	488	200	5	50,00	0,19	300	"50x/0.5"							
137	23.8.10	"Nuys"	"10M037"	"10M037_300er_700nm_OG530_190µW_230810_Untergrund_1"	"Quarz"	700	488	200	5	50,00	0,19	300	"50x/0.5"							
138	23.8.10	"Nuys"	"10M037"	"10M037_300er_850nm_OG570_190µW_230810_Untergrund_1"	"Quarz"	850	488	200	5	50,00	0,19	300	"50x/0.5"							
139	23.8.10	"Nuys"	"10M037"	"10M037_1200er_1550relcm_190µW_2_230810_1"	"Quarz"	1550	488	200	5	60,00	0,19	1200	"50x/0.5"		"Bei dieser Messung wurde erkannt, dass sich der Strahlengang verschoben hat und nichtmehr mittig auf den Eingangsspalt der Monochromators trifft"					
140	25.8.10	"Nuys"	"10M053"	"10M053_1200_200µW_300s_240810_rand_1.dat"	"Quarz"	1550	488	200	5	60,00	0,20	1200	"50x/0.5"							
141	25.8.10	"Nuys"	"10M053"	"10M053_1200_200µW_300s_240810_mitte_auf_blackbalken_1.dat"	"Quarz"	1550	488	200	5	60,00	0,20	1200	"50x/0.5"		"weißer balken zeigt das gleiche raman signal wie er schwarze balken!"					
142	25.8.10	"Nuys"	"10M053"	"10M053_1200_200µW_300s_240810_mitte_auf_blumenkohlstruktur_1.dat"	"Quarz"	1550	488	200	5	60,00	0,20	1200	"50x/0.5"							
143	25.8.10	"Nuys"	"10M055"	"10M055_1200_200µW_300s_240810_rand_1.dat"	"Quarz"	1550	488	200	5	60,00	0,20	1200	"50x/0.5"							
144	25.8.10	"Nuys"	"10M055"	"10M055_1200_200µW_300s_240810_mitte_blumenkohlstruktur_1.dat"	"Quarz"	1550	488	200	5	60,00	0,20	1200	"50x/0.5"							
145	25.8.10	"Nuys"	"10M055"	"10M055_1200_200µW_300s_240810_uebergang_rand_mitte_1.dat"	"Quarz"	1550	488	200	5	60,00	0,20	1200	"50x/0.5"							
146	25.8.10	"Nuys"	"10M055"	"10M055_1200_200µW_300s_240810_uebergang_rand_mitte_kamera_wieder_richtig_gekuehlt_1.dat"	"Quarz"	1550	488	200	5	60,00	0,20	1200	"50x/0.5"							
147	25.8.10	"Nuys"	"10M054"	"10M054_1200_200µW_300s_240810_rand_1.dat"	"Quarz"	1550	488	200	5	60,00	0,20	1200	"50x/0.5"							
148	26.8.10	"Nuys"	"10M054"	"10M054_1200_220µW_300s_260810_mitte_auf_blackbalken_1.dat"	"Quarz"	1550	488	200	5	60,00	0,20	1200	"50x/0.5"							
149	26.8.10	"Nuys"	"10M054"	"10M054_1200_220µW_300s_260810_mitte_blumenkohlstruktur_1.dat"	"Quarz"	1550	488	200	5	60,00	0,20	1200	"50x/0.5"							
150	26.8.10	"Nuys"	"10M056"	"10M056_1200_220µW_300s_260810_mitte_blumenkohlstruktur_1.dat"	"Quarz"	1550	488	200	5	60,00	0,20	1200	"50x/0.5"							
151	26.8.10	"Nuys"	"10M056"	"10M056_1200_220µW_300s_260810_rand_1.dat"	"Quarz"	1550	488	200	5	60,00	0,20	1200	"50x/0.5"							
152	26.8.10	"Nuys"	"10M057"	"10M057_1200_220µW_300s_260810_rand_1.dat"	"Quarz"	1550	488	200	5	60,00	0,20	1200	"50x/0.5"							
153	26.8.10	"Nuys"	"10M057"	"10M057_1200_220µW_300s_260810_übergang_rand_mitte_1.dat"	"Quarz"	1550	488	200	5	60,00	0,20	1200	"50x/0.5"							
154	26.8.10	"Nuys"	"10M043"	"10M043_1200_220µW_300s_260810_rand_1.dat"	"Quarz"	1550	488	200	5	60,00	0,20	1200	"50x/0.5"							
155	26.8.10	"Nuys"	"10M037"	"10M037_300er_850nm_OG570_130µW_230810_1"	"Quarz"	850	488	200	5	50,00	0,13	300	"50x/0.5"							
156	26.8.10	"Nuys"	"10M037"	"10M037_300er_700nm_OG530_130µW_230810_1"	"Quarz"	700	488	200	5	50,00	0,13	300	"50x/0.5"							
157	26.8.10	"Nuys"	"10M037"	"10M037_300er_1000nm_RG6650_130µW_230810_1"	"Quarz"	1000	488	200	5	50,00	0,13	300	"50x/0.5"							
158	26.8.10	"Nuys"	"10M037"	"10M037_1200er_1550relcm_130µW_230810_1"	"Quarz"	1550	488	200	5	60,00	0,13	1200	"50x/0.5"							
159	26.8.10	"Nuys"	"10M037"	"10M037_1200er_1550relcm_800µW_230810_1"	"Quarz"	1550	488	200	5	60,00	0,80	1200	"50x/0.5"							
160	26.8.10	"Nuys"	"10M037"	"10M037_300er_850nm_OG570_800µW_230810_1"	"Quarz"	850	488	200	5	50,00	0,80	300	"50x/0.5"							
161	26.8.10	"Nuys"	"10M037"	"10M037_300er_1000nm_RG6650_800µW_230810_1"	"Quarz"	1000	488	200	5	50,00	0,80	300	"50x/0.5"							
162	26.8.10	"Nuys"	"10M037"	"10M037_300er_700nm_OG530_800µW_230810_1"	"Quarz"	700	488	200	5	50,00	0,80	300	"50x/0.5"							
163	26.8.10	"Nuys"	"10M037"	"10M037_300er_700nm_OG530_130µW_2_230810_1"	"Quarz"	700	488	200	5	50,00	0,13	300	"50x/0.5"							
164	26.8.10	"Nuys"	"10M037"	"10M037_300er_850nm_OG570_130µW_2_230810_1"	"Quarz"	850	488	200	5	50,00	0,13	300	"50x/0.5"							
165	26.8.10	"Nuys"	"10M037"	"10M037_300er_1000nm_RG6650_130µW_2_230810_1"	"Quarz"	1000	488	200	5	50,00	0,13	300	"50x/0.5"							
166	26.8.10	"Nuys"	"10M037"	"10M037_1200er_130µW_300s_2_260810_Strahlengang_hat_sich_verschoben_1.dat"	"Quarz"	1550	488	200	5	60,00	0,13	1200	"50x/0.5"							
167	26.8.10	"Nuys"	"10M039"	"10M039_300er_850nm_OG570_130µW_260810_1.dat"	"Quarz"	850	488	200	5	50,00	0,13	300	"50x/0.5"							
168	26.8.10	"Nuys"	"10M039"	"10M039_300er_850nm_OG570_130µW_260810_Stelle_2_1.dat"	"Quarz"	850	488	200	5	50,00	0,13	300	"50x/0.5"							
169	26.8.10	"Nuys"	"10M039"	"10M039_1200er_130µW_50s_260810_1.dat"	"Quarz"	1550	488	200	5	50,00	0,13	1200	"50x/0.5"							
170	26.8.10	"Nuys"	"Untergrund"	"Untergrund_300er_850nm_OG570_130µW_1_260810_1.dat"	"Quarz"	850	488	200	5	50,00	0,13	300	"50x/0.5"							
171	26.8.10	"Nuys"	"Untergrund"	"Untergrund_300er_1000nm_RG665_130µW_260810_1.dat"	"Quarz"	1000	488	200	5	50,00	0,13	300	"50x/0.5"							
172	26.8.10	"Nuys"	"Untergrund"	"Untergrund_300er_700nm_OG530_130µW_260810_1.dat"	"Quarz"	700	488	200	5	50,00	0,13	300	"50x/0.5"							
173	27.8.10	"Nuys"	"10M039"	"10M039_300er_850nm_OG570_290µW_300s_270810_1.dat"	"Quarz"	850	488	200	5	60,00	0,29	300	"50x/0.5"							
174	27.8.10	"Nuys"	"10M039"	"10M039_300er_700nm_OG530_290µW_300s_270810_1.dat"	"Quarz"	700	488	200	5	60,00	0,29	300	"50x/0.5"							
175	27.8.10	"Nuys"	"10M039"	"10M039_300er_1000nm_RG665_290µW_300s_270810_1.dat"	"Quarz"	1000	488	200	5	60,00	0,29	300	"50x/0.5"							
176	27.8.10	"Nuys"	"10M039"	"10M039_1200er_290µW_50s_270810_1.dat"	"Quarz"	1550	488	200	5	10,00	0,29	1200	"50x/0.5"							
177	27.8.10	"Nuys"	"10M039"	"10M039_300er_850nm_OG570_980µW_50s_270810_1.dat"	"Quarz"	850	488	200	5	10,00	0,98	300	"50x/0.5"							
178	27.8.10	"Nuys"	"10M039"	"10M039_300er_700nm_OG530_980µW_50s_270810_1.dat"	"Quarz"	700	488	200	5	10,00	0,98	300	"50x/0.5"							
179	27.8.10	"Nuys"	"10M039"	"10M039_300er_1000nm_RG665_980µW_50s_270810_1.dat"	"Quarz"	1000	488	200	5	10,00	0,98	300	"50x/0.5"							
180	27.8.10	"Nuys"	"10M039"	"10M039_1200er_980µW_15s_270810_1.dat"	"Quarz"	1550	488	200	5	3,00	0,98	1200	"50x/0.5"							
181	27.8.10	"Nuys"	"10M039"	"10M039_300er_850nm_OG570_290µW_300s_2_270810_1.dat"	"Quarz"	850	488	200	5	60,00	0,29	300	"50x/0.5"							
182	27.8.10	"Nuys"	"10M039"	"10M039_300er_700nm_OG530_290µW_300s_2_270810_1.dat"	"Quarz"	700	488	200	5	60,00	0,29	300	"50x/0.5"							
183	27.8.10	"Nuys"	"10M039"	"10M039_300er_1000nm_RG665_290µW_300s_2_270810_1.dat"	"Quarz"	1000	488	200	5	60,00	0,29	300	"50x/0.5"							
184	27.8.10	"Nuys"	"10M039"	"10M039_1200er_290µW_50s_2_270810_1.dat"	"Quarz"	1550	488	200	5	10,00	0,29	1200	"50x/0.5"							
185	27.8.10	"Nuys"	"10M039"	"10M039_1200er_290µW_50s_270810_Stelle_2_1.dat"	"Quarz"	1550	488	200	5	10,00	0,29	1200	"50x/0.5"		"Weitere Stelle auf der Probe vermessen"					
186	27.8.10	"Nuys"	"10M039"	"10M039_1200er_sehr_wenig_µW_nach_der_Messreihe_50s_270810_1.dat"	"Quarz"	1550	488	200	5	10,00	0,29	1200	"50x/0.5"							
187	27.8.10	"Nuys"	"10M040"	"10M040_300er_850nm_OG570_290µW_300s_270810_1.dat"	"Corning 0.7mm"	850	488	200	5	60,00	0,29	300	"50x/0.5"							
188	27.8.10	"Nuys"	"10M040"	"10M040_300er_700nm_OG530_290µW_300s_270810_1.dat"	"Corning 0.7mm"	700	488	200	5	60,00	0,29	300	"50x/0.5"							
189	27.8.10	"Nuys"	"10M040"	"10M040_300er_1000nm_RG665_290µW_300s_270810_1.dat"	"Corning 0.7mm"	1000	488	200	5	60,00	0,29	300	"50x/0.5"							
190	27.8.10	"Nuys"	"10M040"	"10M040_1200er_290µW_25s_270810_1.dat"	"Corning 0.7mm"	1550	488	200	5	5,00	0,29	1200	"50x/0.5"							
191	27.8.10	"Nuys"	"10M040"	"10M040_300er_850nm_OG570_980µW_150s_270810_1.dat"	"Corning 0.7mm"	850	488	200	5	30,00	0,98	300	"50x/0.5"							
192	27.8.10	"Nuys"	"10M040"	"10M040_300er_700nm_OG530_980µW_150s_270810_1.dat"	"Corning 0.7mm"	700	488	200	5	30,00	0,98	300	"50x/0.5"							
193	27.8.10	"Nuys"	"10M040"	"10M040_300er_1000nm_RG665_980µW_150s_270810_1.dat"	"Corning 0.7mm"	1000	488	200	5	30,00	0,98	300	"50x/0.5"							
194	27.8.10	"Nuys"	"10M040"	"10M040_1200er_980µW_15s_270810_1.dat"	"Corning 0.7mm"	1550	488	200	5	3,00	0,98	1200	"50x/0.5"							
195	27.8.10	"Nuys"	"10M040"	"10M040_300er_850nm_OG570_1200µW_150s_270810_1.dat"	"Corning 0.7mm"	850	488	200	5	30,00	1,20	300	"50x/0.5"							
196	27.8.10	"Nuys"	"10M040"	"10M040_300er_700nm_OG530_1200µW_150s_270810_1.dat"	"Corning 0.7mm"	700	488	200	5	30,00	1,20	300	"50x/0.5"							
197	27.8.10	"Nuys"	"10M040"	"10M040_300er_1000nm_RG665_1200µW_150s_270810_1.dat"	"Corning 0.7mm"	1000	488	200	5	30,00	1,20	300	"50x/0.5"							
198	27.8.10	"Nuys"	"10M040"	"10M040_1200er_1200µW_15s_270810_1.dat"	"Corning 0.7mm"	1550	488	200	5	3,00	1,20	1200	"50x/0.5"							
199	27.8.10	"Nuys"	"10M040"	"10M040_300er_850nm_OG570_290µW_300s_2_270810_1.dat"	"Corning 0.7mm"	850	488	200	5	60,00	0,29	300	"50x/0.5"							
200	27.8.10	"Nuys"	"10M040"	"10M040_300er_700nm_OG530_290µW_300s_2_270810_1.dat"	"Corning 0.7mm"	700	488	200	5	60,00	0,29	300	"50x/0.5"							
201	27.8.10	"Nuys"	"10M040"	"10M040_300er_1000nm_RG665_290µW_300s_2_270810_1.dat"	"Corning 0.7mm"	1000	488	200	5	60,00	0,29	300	"50x/0.5"							
202	27.8.10	"Nuys"	"10M040"	"10M040_1200er_290µW_15s_2_270810_1.dat"	"Corning 0.7mm"	1550	488	200	5	3,00	0,29	1200	"50x/0.5"							
203	27.8.10		"Silizium"	"Silizium_referenz_zum_Vergleich_nach_MgSi_Messung_1.dat"	"Quarz"	1550	488	200	5	3,00	0,29	1200	"50x/0.5"		"Messung um zu sehen, ob die Kalibration noch stimmt"					
204	27.8.10	"Nuys"	"10M035"	"10M035_300er_850nm_OG570_290µW_300s_270810_1.dat"	"Quarz"	850	488	200	5	60,00	0,29	300	"50x/0.5"							
205	27.8.10	"Nuys"	"10M035"	"10M035_300er_700nm_OG530_290µW_300s_270810_1.dat"	"Quarz"	700	488	200	5	60,00	0,29	300	"50x/0.5"							
206	27.8.10	"Nuys"	"10M035"	"10M035_300er_1000nm_RG665_290µW_300s_270810_1.dat"	"Quarz"	1000	488	200	5	60,00	0,29	300	"50x/0.5"							
207	27.8.10	"Nuys"	"10M035"	"10M035_1200er_290µW_50s_270810_1.dat"	"Quarz"	1550	488	200	5	10,00	0,29	1200	"50x/0.5"							
208	27.8.10	"Nuys"	"10M035"	"10M035_300er_850nm_OG570_980µW_300s_270810_1.dat"	"Quarz"	850	488	200	5	60,00	1,20	300	"50x/0.5"							
209	27.8.10	"Nuys"	"10M035"	"10M035_300er_700nm_OG530_980µW_300s_270810_1.dat"	"Quarz"	700	488	200	5	60,00	1,20	300	"50x/0.5"							
210	27.8.10	"Nuys"	"10M035"	"10M035_300er_1000nm_RG665_980µW_300s_270810_1.dat"	"Quarz"	1000	488	200	5	60,00	1,20	300	"50x/0.5"							
211	27.8.10	"Nuys"	"10M035"	"10M035_1200er_980µW_200s_270810_1.dat"	"Quarz"	1550	488	200	5	40,00	1,20	1200	"50x/0.5"							
212	27.8.10	"Nuys"	"10M035"	"10M035_300er_850nm_OG570_290µW_300s_2_270810_1.dat"	"Quarz"	850	488	200	5	60,00	0,29	300	"50x/0.5"							
213	27.8.10	"Nuys"	"10M035"	"10M035_300er_700nm_OG530_290µW_300s_2_270810_1.dat"	"Quarz"	700	488	200	5	60,00	0,29	300	"50x/0.5"							
214	27.8.10	"Nuys"	"10M035"	"10M035_300er_1000nm_RG665_290µW_300s_2_270810_1.dat"	"Quarz"	1000	488	200	5	60,00	0,29	300	"50x/0.5"							
215	27.8.10	"Nuys"	"10M035"	"10M035_1200er_290µW_300s_2_270810_1.dat"	"Quarz"	1550	488	200	5	60,00	0,29	1200	"50x/0.5"							
216	27.8.10		"Untergrund"	"Untergrund_300er_850nm_OG570_50s_270810_1.dat"		850	488	200	5	10,00	0,29	300	"50x/0.5"							
217	27.8.10		"Untergrund"	"Untergrund_300er_700nm_OG530_50s_270810_1.dat"		700	488	200	5	10,00	0,29	300	"50x/0.5"							
218	27.8.10		"Untergrund"	"Untergrund_300er_1000nm_RG665_50s_270810_1.dat"		1000	488	200	5	10,00	0,29	300	"50x/0.5"							
219	27.8.10		"Untergrund"	"Untergrund_300er_850nm_OG570_150s_270810_1.dat"		850	488	200	5	30,00	0,29	300	"50x/0.5"							
220	27.8.10		"Untergrund"	"Untergrund_300er_700nm_OG530_150s_270810_1.dat"		700	488	200	5	30,00	0,29	300	"50x/0.5"							
221	27.8.10		"Untergrund"	"Untergrund_300er_1000nm_RG665_150s_270810_1.dat"		1000	488	200	5	30,00	0,29	300	"50x/0.5"							
222	30.8.10	"Nuys"	"10M032"	"10M032_300er_850nm_OG570_150µW_300s_300810_1.dat"	"Quarz"	850	488	200	5	60,00	0,15	300	"50x/0.5"							
223	30.8.10	"Nuys"	"10M032"	"10M032_300er_700nm_OG530_150µW_300s_300810_1.dat"	"Quarz"	700	488	200	5	60,00	0,15	300	"50x/0.5"							
224	30.8.10	"Nuys"	"10M032"	"10M032_300er_1000nm_RG665_150µW_300s_300810_1.dat"	"Quarz"	1000	488	200	5	60,00	0,15	300	"50x/0.5"							
225	30.8.10	"Nuys"	"10M032"	"10M032_1200er_1550relcm_50s_150µW_300810_1.dat"	"Quarz"	1550	488	200	5	30,00	0,15	1200	"50x/0.5"							
226	30.8.10	"Nuys"	"10M032"	"10M032_300er_850nm_OG570_330µW_300s_300810_1.dat"	"Quarz"	850	488	200	5	60,00	0,33	300	"50x/0.5"							
227	30.8.10	"Nuys"	"10M032"	"10M032_300er_700nm_OG530_330µW_300s_300810_1.dat"	"Quarz"	700	488	200	5	60,00	0,33	300	"50x/0.5"							
228	30.8.10	"Nuys"	"10M032"	"10M032_300er_1000nm_RG665_330µW_300s_300810_1.dat"	"Quarz"	1000	488	200	5	60,00	0,33	300	"50x/0.5"							
229	30.8.10	"Nuys"	"10M032"	"10M032_1200er_1550relcm_50s_330µW_300810_1.dat"	"Quarz"	1550	488	200	5	10,00	0,33	1200	"50x/0.5"							
230	30.8.10	"Nuys"	"10M032"	"10M032_300er_850nm_OG570_520µW_150s_300810_1.dat"	"Quarz"	850	488	200	5	30,00	0,52	300	"50x/0.5"							
231	30.8.10	"Nuys"	"10M032"	"10M032_300er_700nm_OG530_520µW_150s_300810_1.dat"	"Quarz"	700	488	200	5	30,00	0,52	300	"50x/0.5"							
232	30.8.10	"Nuys"	"10M032"	"10M032_300er_1000nm_RG665_520µW_150s_300810_1.dat"	"Quarz"	1000	488	200	5	30,00	0,52	300	"50x/0.5"							
233	30.8.10	"Nuys"	"10M032"	"10M032_1200er_1550relcm_25s_520µW_300810_1.dat"	"Quarz"	1550	488	200	5	5,00	0,52	1200	"50x/0.5"							
234	30.8.10	"Nuys"	"10M032"	"10M032_300er_850nm_OG570_880µW_40s_300810_1.dat"	"Quarz"	850	488	200	5	8,00	0,88	300	"50x/0.5"							
235	30.8.10	"Nuys"	"10M032"	"10M032_300er_700nm_OG530_880µW_40s_300810_1.dat"	"Quarz"	700	488	200	5	8,00	0,88	300	"50x/0.5"							
236	30.8.10	"Nuys"	"10M032"	"10M032_300er_1000nm_RG665_880µW_40s_300810_1.dat"	"Quarz"	1000	488	200	5	8,00	0,88	300	"50x/0.5"							
237	30.8.10	"Nuys"	"10M032"	"10M032_1200er_1550relcm_15s_880µW_300810_1.dat"	"Quarz"	1550	488	200	5	3,00	0,88	1200	"50x/0.5"							
238	30.8.10		"Untergrund"	"Untergrund_300er_850nm_OG570_40s_300810_1.dat"		850	488	200	5	8,00	0,29	300	"50x/0.5"							
239	30.8.10		"Untergrund"	"Untergrund_300er_700nm_OG530_40s_300810_1.dat"		700	488	200	5	8,00	0,29	300	"50x/0.5"							
240	30.8.10		"Untergrund"	"Untergrund_300er_1000nm_RG665_40s_300810_1.dat"		1000	488	200	5	8,00	0,29	300	"50x/0.5"							
241	30.8.10		"Untergrund"	"Untergrund_300er_850nm_OG570_300s_300810_1.dat"		850	488	200	5	60,00	0,29	300	"50x/0.5"							
242	30.8.10		"Untergrund"	"Untergrund_300er_700nm_OG530_300s_300810_1.dat"		700	488	200	5	60,00	0,29	300	"50x/0.5"							
243	30.8.10		"Untergrund"	"Untergrund_300er_1000nm_RG665_300s_300810_1.dat"		1000	488	200	5	60,00	0,29	300	"50x/0.5"							
244	31.8.10			"test silizium verschiebung bei gitterwechsel_1_1.dat"	"Si-Wafer"	1550	488	200	1	1,00	0,58	1200	"50x/0.5"		"Gitter gurder herausgenommen und wieder eingebaut. Mono wurde initialisiert und wieder auf 1550relcm gefahren"					
245	31.8.10			"test silizium verschiebung bei gitterwechsel_2_1.dat"	"Si-Wafer"	1550	488	200	1	1,00	0,58	1200	"50x/0.5"		"Gitter gurder herausgenommen und wieder eingebaut. Mono wurde initialisiert und wieder auf 1550relcm gefahren"					
246	31.8.10			"test silizium verschiebung bei gitterwechsel_3_1.dat"	"Si-Wafer"	1550	488	200	1	1,00	0,58	1200	"50x/0.5"		"Gitter gurder herausgenommen und wieder eingebaut. Mono wurde initialisiert und wieder auf 1550relcm gefahren"					
247	31.8.10	"Nuys"	"10M038"	"10M038_1200er_1550relcm_160µW_300s_310810_1.dat"	"Quarz"	1550	488	200	5	60,00	0,16	1200	"50x/0.5"							
248	31.8.10	"Nuys"	"10M038"	"10M038_300er_850nm_OG570_160µW_300s_310810_1.dat"	"Quarz"	850	488	200	5	60,00	0,16	300	"50x/0.5"							
249	31.8.10	"Nuys"	"10M038"	"10M038_300er_700nm_OG530_160µW_300s_310810_1.dat"	"Quarz"	700	488	200	5	60,00	0,16	300	"50x/0.5"							
250	31.8.10	"Nuys"	"10M038"	"10M038_300er_1000nm_RG665_160µW_300s_310810_1.dat"	"Quarz"	1000	488	200	5	60,00	0,16	300	"50x/0.5"							
251	31.8.10	"Nuys"	"10M038"	"10M038_300er_1000nm_RG665_980µW_50s_310810_1.dat"	"Quarz"	1000	488	200	5	10,00	0,98	300	"50x/0.5"							
252	31.8.10	"Nuys"	"10M038"	"10M038_300er_850nm_OG570_980µW_50s_310810_1.dat"	"Quarz"	850	488	200	5	10,00	0,98	300	"50x/0.5"							
253	31.8.10	"Nuys"	"10M038"	"10M038_300er_700nm_OG530_980µW_50s_310810_1.dat"	"Quarz"	700	488	200	5	10,00	0,98	300	"50x/0.5"							
254	31.8.10	"Nuys"	"10M038"	"10M038_1200er_1550relcm_980µW_300s_310810_1.dat"	"Quarz"	1550	488	200	5	60,00	0,98	1200	"50x/0.5"							
255	31.8.10	"Nuys"	"10M038"	"10M038_1200er_1550relcm_160µW_300_2_310810_1.dat"	"Quarz"	1550	488	200	5	60,00	0,16	1200	"50x/0.5"							
256	31.8.10	"Nuys"	"10M038"	"10M038_300er_850nm_OG570_160µW_300s_2_310810_1.dat"	"Quarz"	850	488	200	5	60,00	0,16	300	"50x/0.5"							
257	31.8.10	"Nuys"	"10M038"	"10M038_300er_700nm_OG530_160µW_300s_2_310810_1.dat"	"Quarz"	700	488	200	5	60,00	0,16	300	"50x/0.5"							
258	31.8.10	"Nuys"	"10M038"	"10M038_300er_1000nm_RG665_160µW_300s_2_310810_1.dat"	"Quarz"	1000	488	200	5	60,00	0,16	300	"50x/0.5"							
259	31.8.10	"Nuys"	"10M038"	"10M038_1200er_160µW_10s_2_310810_referenz nach der messung_1.dat"	"Quarz"	1550	488	200	1	10,00	0,16	1200	"50x/0.5"		"Mono wurde so verfahren, dass Mg2Si Peaks an der gleichen Position sind wie 4 Messungen zuvor."					
260	31.8.10	"Nuys"	"10M038"	"Si als referenz nach der Messung_1.dat"	"Si-Wafer"	1550	488	200	1	10,00	0,16	1200	"50x/0.5"		"Wurde an der gleichen Gitterposition wie die Messung davor aufgenommen"					
261	1.9.10	"Nuys"	"10M033"	"Substrat von 10M033_1200er_2_1.dat"	"Quarz"	1550	488	200	5	10,00	0,15	1200	"50x/0.5"							
262	1.9.10	"Nuys"	"10M033"	"10M033_1200er_1550relcm_150µW_300s_010910_1.dat"	"Quarz"	1550	488	200	5	60,00	0,15	1200	"50x/0.5"							
263	1.9.10	"Nuys"	"10M033"	"10M033_300er_850nm_OG570_150µW_300s_010910_1.dat"	"Quarz"	850	488	200	5	60,00	0,15	300	"50x/0.5"							
264	1.9.10	"Nuys"	"10M033"	"10M033_300er_700nm_OG530_150µW_300s_010910_1.dat"	"Quarz"	700	488	200	5	60,00	0,15	300	"50x/0.5"							
265	1.9.10	"Nuys"	"10M033"	"10M033_300er_1000nm_RG665_150µW_300s_010910_1.dat"	"Quarz"	1000	488	200	5	60,00	0,15	300	"50x/0.5"							
266	1.9.10	"Nuys"	"10M033"	"10M033_300er_1000nm_RG665_300µW_300s_010910_1.dat"	"Quarz"	1000	488	200	5	60,00	0,30	300	"50x/0.5"							
267	1.9.10	"Nuys"	"10M033"	"10M033_300er_850nm_OG570_300µW_300s_010910_1.dat"	"Quarz"	850	488	200	5	60,00	0,30	300	"50x/0.5"							
268	1.9.10	"Nuys"	"10M033"	"10M033_300er_700nm_OG530_300µW_300s_010910_1.dat"	"Quarz"	700	488	200	5	60,00	0,30	300	"50x/0.5"							
269	1.9.10	"Nuys"	"10M033"	"10M033_1200er_1550relcm_300µW_300s_010910_1.dat"	"Quarz"	1550	488	200	5	60,00	0,30	1200	"50x/0.5"							
270	1.9.10	"Nuys"	"10M033"	"10M033_1200er_1550relcm_540µW_300s_010910_1.dat"	"Quarz"	1550	488	200	5	60,00	0,54	1200	"50x/0.5"							
271	1.9.10	"Nuys"	"10M033"	"10M033_300er_850nm_OG570_540µW_300s_010910_1.dat"	"Quarz"	850	488	200	5	60,00	0,54	300	"50x/0.5"							
272	1.9.10	"Nuys"	"10M033"	"10M033_300er_700nm_OG530_540µW_300s_010910_1.dat"	"Quarz"	700	488	200	5	60,00	0,54	300	"50x/0.5"							
273	1.9.10	"Nuys"	"10M033"	"10M033_300er_1000nm_RG665_540µW_300s_010910_1.dat"	"Quarz"	1000	488	200	5	60,00	0,54	300	"50x/0.5"							
274	1.9.10	"Nuys"	"10M033"	"10M033_300er_1000nm_RG665_820µW_150s_010910_1.dat"	"Quarz"	1000	488	200	5	30,00	0,82	300	"50x/0.5"							
275	1.9.10	"Nuys"	"10M033"	"10M033_300er_850nm_OG570_820µW_150s_010910_1.dat"	"Quarz"	850	488	200	5	30,00	0,82	300	"50x/0.5"							
276	1.9.10	"Nuys"	"10M033"	"10M033_300er_700nm_OG530_820µW_150s_010910_1.dat"	"Quarz"	700	488	200	5	30,00	0,82	300	"50x/0.5"							
277	1.9.10	"Nuys"	"10M033"	"10M033_1200er_1550relcm_820µW_300s_010910_1.dat"	"Quarz"	1550	488	200	5	60,00	0,82	1200	"50x/0.5"							
278	3.9.10	"Nuys"	"10M034"	"10M034_1200er_120µW_300s_030910_1.dat"	"Quarz"	1550	488	200	5	60,00	0,12	1200	"50x/0.5"							
279	3.9.10	"Nuys"	"10M034"	"10M034_300er_850nm_OG570_120µW_300s_030910_1.dat"	"Quarz"	850	488	200	5	60,00	0,12	300	"50x/0.5"							
280	3.9.10	"Nuys"	"10M034"	"10M034_300er_700nm_OG530_120µW_300s_030910_1.dat"	"Quarz"	700	488	200	5	60,00	0,12	300	"50x/0.5"							
281	3.9.10	"Nuys"	"10M034"	"10M034_300er_1000nm_RG665_120µW_300s_030910_1.dat"	"Quarz"	1000	488	200	5	60,00	0,12	300	"50x/0.5"							
282	3.9.10	"Nuys"	"10M034"	"10M034_300er_1000nm_RG665_270µW_300s_030910_1.dat"	"Quarz"	1000	488	200	5	60,00	0,27	300	"50x/0.5"							
283	3.9.10	"Nuys"	"10M034"	"10M034_300er_850nm_OG570_270µW_300s_030910_700nm_kalib_geladen_1.dat"	"Quarz"	850	488	200	5	60,00	0,27	300	"50x/0.5"		"kalibration für 700nm statt 850nm geladen"					
284	3.9.10	"Nuys"	"10M034"	"10M034_300er_700nm_OG530_270µW_300s_030910_1.dat"	"Quarz"	700	488	200	5	60,00	0,27	300	"50x/0.5"							
285	3.9.10	"Nuys"	"10M034"	"10M034_1200er_1550relcm_270µW_300s_030910_1.dat"	"Quarz"	1550	488	200	5	60,00	0,27	1200	"50x/0.5"							
286	3.9.10	"Nuys"	"10M034"	"10M034_1200er_1550relcm_480µW_300s_030910_1.dat"	"Quarz"	1550	488	200	5	60,00	0,48	1200	"50x/0.5"							
287	3.9.10	"Nuys"	"10M034"	"10M034_300er_850nm_OG570_480µW_300s_030910_1.dat"	"Quarz"	850	488	200	5	60,00	0,48	300	"50x/0.5"							
288	3.9.10	"Nuys"	"10M034"	"10M034_300er_700nm_OG530_480µW_300s_030910_1.dat"	"Quarz"	700	488	200	5	60,00	0,48	300	"50x/0.5"							
289	3.9.10	"Nuys"	"10M034"	"10M034_300er_1000nm_RG665_480µW_300s_030910_1.dat"	"Quarz"	1000	488	200	5	60,00	0,48	300	"50x/0.5"							
290	3.9.10	"Nuys"	"10M034"	"10M034_300er_1000nm_RG665_880µW_25s_030910_1.dat"	"Quarz"	1000	488	200	5	5,00	0,88	300	"50x/0.5"							
291	3.9.10	"Nuys"	"10M034"	"10M034_300er_850nm_OG570_880µW_25s_030910_1.dat"	"Quarz"	850	488	200	5	5,00	0,88	300	"50x/0.5"							
292	3.9.10	"Nuys"	"10M034"	"10M034_300er_700nm_OG530_880µW_25s_030910_1.dat"	"Quarz"	700	488	200	5	5,00	0,88	300	"50x/0.5"							
293	3.9.10	"Nuys"	"10M034"	"10M034_1200er_1550relcm_880µW_300s_030910_1.dat"	"Quarz"	1550	488	200	5	60,00	0,88	1200	"50x/0.5"							
294	3.9.10	"Nuys"	"10M034"	"10M034_1200er_1550relcm_120µW_80s_030910_1.dat"	"Quarz"	1550	488	200	5	20,00	0,12	1200	"50x/0.5"							
295	3.9.10	"Nuys"	"10M034"	"10M034_300er_850nm_OG570_120µW_150s_2_030910_1.dat"	"Quarz"	850	488	200	5	30,00	0,12	300	"50x/0.5"							
296	3.9.10	"Nuys"	"10M034"	"10M034_300er_700nm_OG530_120µW_150s_2_030910_1.dat"	"Quarz"	700	488	200	5	30,00	0,12	300	"50x/0.5"							
297	3.9.10	"Nuys"	"10M034"	"10M034_300er_1000nm_RG665_120µW_150s_2_030910_1.dat"	"Quarz"	1000	488	200	5	30,00	0,12	300	"50x/0.5"							
298	3.9.10	"Carius"	"AFM-1"	"SiOx1_300er_850nm_OG530_160µW_50s_030910_1.dat"	"Quarz"	850	488	200	5	10,00	0,16	300	"50x/0.5"							
299	3.9.10	"Carius"	"AFM-1"	"SiOx1_300er_700nm_OG530_160µW_50s_030910_1.dat"	"Quarz"	700	488	200	5	10,00	0,16	300	"50x/0.5"							
300	3.9.10	"Carius"	"AFM-1"	"SiOx1_300er_1000nm_OG530_160µW_50s_030910_1.dat"	"Quarz"	1000	488	200	5	10,00	0,16	300	"50x/0.5"							
301	3.9.10	"Carius"	"AFM-1"	"SiOx1_300er_850nm_OG530_880µW_25s_030910_1.dat"	"Quarz"	850	488	200	5	5,00	0,88	300	"50x/0.5"							
302	3.9.10	"Carius"	"AFM-1"	"SiOx1_300er_700nm_OG530_880µW_25s_030910_1.dat"	"Quarz"	700	488	200	5	5,00	0,88	300	"50x/0.5"							
303	3.9.10	"Carius"	"AFM-1"	"SiOx1_300er_1000nm_OG530_880µW_25s_030910_1.dat"	"Quarz"	1000	488	200	5	5,00	0,88	300	"50x/0.5"							
304	3.9.10	"Carius"	"AFM-1"	"SiOx1_300er_850nm_OG530_160µW_50s_2_030910_1.dat"	"Quarz"	850	488	200	5	10,00	0,16	300	"50x/0.5"							
305	3.9.10	"Carius"	"AFM-1"	"SiOx1_300er_700nm_OG530_160µW_50s_2_030910_1.dat"	"Quarz"	700	488	200	5	10,00	0,16	300	"50x/0.5"							
306	3.9.10	"Carius"	"AFM-1"	"SiOx1_300er_1000nm_OG530_160µW_50s_2_030910_1.dat"	"Quarz"	1000	488	200	5	10,00	0,16	300	"50x/0.5"							
307	3.9.10	"Carius"	"AFM-1"	"SiOx1_1200er_160µW_300s_030910_1.dat"	"Quarz"	1550	488	200	5	60,00	0,16	1200	"50x/0.5"							
308	3.9.10	"Carius"	"AFM-1"	"Probrntisch_fokus_wie_bei_SiOx1_300er_850nm_OG570_160µW_50s_030910_1.dat"	"Quarz"	850	488	200	5	10,00	0,16	300	"50x/0.5"							
309	3.9.10	"Carius"	"AFM-1"	"Probrntisch_fokus_wie_bei_SiOx1_300er_700nm_OG530_160µW_50s_030910_1.dat"	"Quarz"	700	488	200	5	10,00	0,16	300	"50x/0.5"							
310	3.9.10	"Carius"	"AFM-1"	"Probrntisch_fokus_wie_bei_SiOx1_300er_1000nm_RG665_160µW_50s_030910_1.dat"	"Quarz"	1000	488	200	5	10,00	0,16	300	"50x/0.5"							
311	3.9.10		"Untergrund"	"Untergrund_300er_850nm_25s_030910_1.dat"	"Quarz"	850	488	200	5	5,00	0,88	300	"50x/0.5"							
312	3.9.10		"Untergrund"	"Untergrund_300er_700nm_25s_030910_1.dat"	"Quarz"	700	488	200	5	5,00	0,88	300	"50x/0.5"							
313	3.9.10		"Untergrund"	"Untergrund_300er_1000nm_25s_030910_1.dat"	"Quarz"	1000	488	200	5	5,00	0,88	300	"50x/0.5"							
314	6.9.10	"Nuys"	"10M037"	"10M037_mit_SiO2_1200er_150µW_300s_060910_1.dat"	"Quarz"	1550	488	200	5	60,00	0,15	1200	"50x/0.5"							
315	6.9.10	"Nuys"	"10M037"	"10M037_mit_SiO2_300er_850nm_OG570_150µW_300s_060910_1.dat"	"Quarz"	850	488	200	5	60,00	0,15	300	"50x/0.5"							
316	6.9.10	"Nuys"	"10M037"	"10M037_mit_SiO2_300er_700nm_OG530_150µW_300s_060910_1.dat"	"Quarz"	700	488	200	5	60,00	0,15	300	"50x/0.5"							
317	6.9.10	"Nuys"	"10M037"	"10M037_mit_SiO2_300er_1000nm_RG665_150µW_300s_060910_1.dat"	"Quarz"	1000	488	200	5	60,00	0,15	300	"50x/0.5"							
318	6.9.10	"Nuys"	"10M037"	"10M037_mit_SiO2_300er_1000nm_RG665_810µW_50s_060910_1.dat"	"Quarz"	1000	488	200	5	10,00	0,81	300	"50x/0.5"							
319	6.9.10	"Nuys"	"10M037"	"10M037_mit_SiO2_300er_850nm_OG570_810µW_50s_060910_1.dat"	"Quarz"	850	488	200	5	10,00	0,81	300	"50x/0.5"							
320	6.9.10	"Nuys"	"10M037"	"10M037_mit_SiO2_300er_700nm_OG530_810µW_50s_060910_1.dat"	"Quarz"	700	488	200	5	10,00	0,81	300	"50x/0.5"							
321	6.9.10	"Nuys"	"10M037"	"10M037_mit_SiO2_1200er_810µW_300s_060910_1.dat"	"Quarz"	1550	488	200	5	60,00	0,81	1200	"50x/0.5"							
322	6.9.10	"Nuys"	"10M037"	"10M037_mit_SiO2_1200er_150µW_300s_2_060910_1.dat"	"Quarz"	1550	488	200	5	60,00	0,15	1200	"50x/0.5"							
323	6.9.10	"Nuys"	"10M037"	"10M037_mit_SiO2_300er_850nm_OG570_150µW_300s_2_060910_1.dat"	"Quarz"	850	488	200	5	60,00	0,15	300	"50x/0.5"							
324	6.9.10	"Nuys"	"10M037"	"10M037_mit_SiO2_300er_700nm_OG530_150µW_300s_2_060910_1.dat"	"Quarz"	700	488	200	5	60,00	0,15	300	"50x/0.5"							
325	6.9.10	"Nuys"	"10M037"	"10M037_mit_SiO2_300er_1000nm_RG665_150µW_300s_2_060910_1.dat"	"Quarz"	1000	488	200	5	60,00	0,15	300	"50x/0.5"							
326	6.9.10	"Nuys"	"10M040"	"10M040_mit_SiO2_1200er_250µW_50s_060910_1.dat"	"Quarz"	1550	488	200	5	60,00	0,25	1200	"50x/0.5"							
327	6.9.10	"Nuys"	"10M040"	"10M040_mit_SiO2_300er_850nm_OG570_250µW_300s_060910_1.dat"	"Quarz"	850	488	200	5	60,00	0,25	300	"50x/0.5"							
328	6.9.10	"Nuys"	"10M040"	"10M040_mit_SiO2_300er_700nm_OG530_250µW_300s_060910_1.dat"	"Quarz"	700	488	200	5	60,00	0,25	300	"50x/0.5"							
329	6.9.10	"Nuys"	"10M040"	"10M040_mit_SiO2_300er_1000nm_RG665_250µW_300s_060910_1.dat"	"Quarz"	1000	488	200	5	60,00	0,25	300	"50x/0.5"							
330	6.9.10	"Nuys"	"10M040"	"10M040_mit_SiO2_300er_1000nm_RG665_1150µW_50s_060910_1.dat"	"Quarz"	1000	488	200	5	10,00	1,15	300	"50x/0.5"							
331	6.9.10	"Nuys"	"10M040"	"10M040_mit_SiO2_300er_850nm_OG570_1150µW_50s_060910_1.dat"	"Quarz"	850	488	200	5	10,00	1,15	300	"50x/0.5"							
332	6.9.10	"Nuys"	"10M040"	"10M040_mit_SiO2_300er_700nm_OG530_1150µW_50s_060910_1.dat"	"Quarz"	700	488	200	5	10,00	1,15	300	"50x/0.5"							
333	6.9.10	"Nuys"	"10M040"	"10M040_mit_SiO2_1200er_1150µW_8s_060910_1.dat"	"Quarz"	1550	488	200	5	1,60	1,15	1200	"50x/0.5"							
334	6.9.10	"Nuys"	"10M040"	"10M040_mit_SiO2_1200er_250µW_15s_2_060910_1.dat"	"Quarz"	1550	488	200	5	5,00	0,25	1200	"50x/0.5"							
335	6.9.10	"Nuys"	"10M040"	"10M040_mit_SiO2_300er_850nm_OG570_250µW_100s_2_060910_1.dat"	"Quarz"	850	488	200	5	20,00	0,25	300	"50x/0.5"							
336	6.9.10	"Nuys"	"10M040"	"10M040_mit_SiO2_300er_700nm_OG530_250µW_100s_2_060910_1.dat"	"Quarz"	700	488	200	5	20,00	0,25	300	"50x/0.5"							
337	6.9.10	"Nuys"	"10M040"	"10M040_mit_SiO2_300er_1000nm_RG665_250µW_100s_2_060910_1.dat"	"Quarz"	1000	488	200	5	20,00	0,25	300	"50x/0.5"							
338	7.9.10	"Nuys"	"10M035"	"10M035_mit_SiO2_1200er_250µW_300s_070910_1.dat"	"Quarz"	1550	488	200	5	60,00	0,25	1200	"50x/0.5"							
339	7.9.10	"Nuys"	"10M035"	"10M035_mit_SiO2_300er_850nm_OG570_250µW_300s_070910_1.dat"	"Quarz"	850	488	200	5	60,00	0,25	300	"50x/0.5"							
340	7.9.10	"Nuys"	"10M035"	"10M035_mit_SiO2_300er_700nm_OG530_250µW_300s_070910_1.dat"	"Quarz"	700	488	200	5	60,00	0,25	300	"50x/0.5"							
341	7.9.10	"Nuys"	"10M035"	"10M035_mit_SiO2_300er_1000nm_RG665_250µW_300s_070910_1.dat"	"Quarz"	1000	488	200	5	60,00	0,25	300	"50x/0.5"							
342	7.9.10	"Nuys"	"10M035"	"10M035_mit_SiO2_300er_1000nm_RG665_1210µW_150s_060910_1.dat"	"Quarz"	1000	488	200	5	30,00	1,21	300	"50x/0.5"							
343	7.9.10	"Nuys"	"10M035"	"10M035_mit_SiO2_300er_850nm_OG570_1210µW_150s_070910_1.dat"	"Quarz"	850	488	200	5	30,00	1,21	300	"50x/0.5"							
344	7.9.10	"Nuys"	"10M035"	"10M035_mit_SiO2_300er_700nm_OG530_1210µW_150s_070910_1.dat"	"Quarz"	700	488	200	5	30,00	1,21	300	"50x/0.5"							
345	7.9.10	"Nuys"	"10M035"	"10M035_mit_SiO2_1200er_1210µW_300s_070910_1.dat"	"Quarz"	1550	488	200	5	60,00	1,21	1200	"50x/0.5"							
346	7.9.10	"Nuys"	"10M035"	"10M035_mit_SiO2_1200er_250µW_300s_2_070910_1.dat"	"Quarz"	1550	488	200	5	60,00	0,25	1200	"50x/0.5"							
347	7.9.10	"Nuys"	"10M035"	"10M035_mit_SiO2_300er_850nm_OG570_250µW_300s_2_070910_1.dat"	"Quarz"	850	488	200	5	60,00	0,25	300	"50x/0.5"							
348	7.9.10	"Nuys"	"10M035"	"10M035_mit_SiO2_300er_700nm_OG530_250µW_300s_2_070910_1.dat"	"Quarz"	700	488	200	5	60,00	0,25	300	"50x/0.5"							
349	7.9.10	"Nuys"	"10M035"	"10M035_mit_SiO2_300er_1000nm_RG665_250µW_300s_2_070910_1.dat"	"Quarz"	1000	488	200	5	60,00	0,25	300	"50x/0.5"							
350	7.9.10	"Nuys"	"10M053"	"10M053_300er_850nm_OG570_250µW_150s_070910_Korn_am_Rand_1.dat"	"Quarz"	850	488	200	5	30,00	0,25	300	"50x/0.5"							
351	7.9.10	"Nuys"	"10M053"	"10M053_300er_700nm_OG530_250µW_150s_070910_Korn_am_Rand_1.dat"	"Quarz"	700	488	200	5	30,00	0,25	300	"50x/0.5"							
352	7.9.10	"Nuys"	"10M053"	"10M053_300er_1000nm_RG665_250µW_150s_070910_Korn_am_Rand_1.dat"	"Quarz"	1000	488	200	5	30,00	0,25	300	"50x/0.5"							
353	7.9.10	"Nuys"	"10M053"	"10M053_300er_700nm_OG530_250µW_25s_070910_am_Rand_nicht_auf_Korn_1.dat"	"Quarz"	700	488	200	5	5,00	0,25	300	"50x/0.5"							
354	7.9.10	"Nuys"	"10M053"	"10M053_300er_1000nm_RG665_250µW_25s_070910_am_Rand_nicht_auf_Korn_1.dat"	"Quarz"	1000	488	200	5	5,00	0,25	300	"50x/0.5"							
355	7.9.10	"Nuys"	"10M047"	"10M047_300er_700nm_OG530_250µW_25s_070910_mitte_dunkle_Struktur_1.dat"	"Quarz"	700	488	200	5	5,00	0,25	300	"50x/0.5"							
356	7.9.10	"Nuys"	"10M047"	"10M047_300er_1000nm_RG665_250µW_25s_070910_mitte_dunkle_Struktur_1.dat"	"Quarz"	1000	488	200	5	5,00	0,25	300	"50x/0.5"							
357	7.9.10	"Nuys"	"10M047"	"10M047_300er_700nm_OG530_250µW_25s_070910_mitte_auf_Korn_1.dat"	"Quarz"	700	488	200	5	5,00	0,25	300	"50x/0.5"							
358	7.9.10	"Nuys"	"10M047"	"10M047_300er_1000nm_RG665_250µW_25s_070910_mitte_auf_Korn_1.dat"	"Quarz"	1000	488	200	5	5,00	0,25	300	"50x/0.5"							
359	8.9.10		"Untergrund"	"Untergrund_300er_850nm_100s_080910_1.dat"	"Quarz"	850	488	200	5	20,00	0,25	300	"50x/0.5"							
360	8.9.10		"Untergrund"	"Untergrund_300er_700nm_100s_080910_1.dat"	"Quarz"	700	488	200	5	20,00	0,25	300	"50x/0.5"							
361	8.9.10		"Untergrund"	"Untergrund_300er_1000nm_100s_080910_1.dat"	"Quarz"	1000	488	200	5	20,00	0,25	300	"50x/0.5"							
362	8.9.10	"Nuys"	"10M043"	"10M043_300er_700nm_OG530_250µW_25s_080910_am_übergang_Rand_mitte_auf_großem_Korn_1.dat"	"Quarz"	700	488	200	5	5,00	0,25	300	"50x/0.5"							
363	8.9.10	"Nuys"	"10M043"	"10M043_300er_1000nm_RG665_250µW_25s_080910_am_übergang_Rand_mitte_auf_großem_Korn_1.dat"	"Quarz"	1000	488	200	5	5,00	0,25	300	"50x/0.5"							
364	8.9.10	"Nuys"	"10M043"	"10M043_300er_700nm_OG530_250µW_50s_080910_am_Rand_auf_Korn_1.dat"	"Quarz"	700	488	200	5	10,00	0,25	300	"50x/0.5"							
365	8.9.10	"Nuys"	"10M043"	"10M043_300er_1000nm_RG665_250µW_50s_080910_am_Rand_auf_Korn_1.dat"	"Quarz"	1000	488	200	5	10,00	0,25	300	"50x/0.5"							
366	8.9.10	"Nuys"	"10M043"	"10M043_300er_700nm_OG530_250µW_50s_080910_am_Rand_nicht_auf_Korn_1.dat"	"Quarz"	700	488	200	5	10,00	0,25	300	"50x/0.5"							
367	8.9.10	"Nuys"	"10M043"	"10M043_300er_1000nm_RG665_250µW_50s_080910_am_Rand_nicht_auf_Korn_1.dat"	"Quarz"	1000	488	200	5	10,00	0,25	300	"50x/0.5"							
368	8.9.10	"Nuys"	"10M041"	"10M041_300er_700nm_OG530_250µW_25s_080910_1.dat"	"Quarz"	700	488	200	5	5,00	0,25	300	"50x/0.5"							
369	8.9.10	"Nuys"	"10M041"	"10M041_300er_1000nm_RG665_250µW_25s_080910_1.dat"	"Quarz"	1000	488	200	5	5,00	0,25	300	"50x/0.5"							
370	8.9.10	"Nuys"	"10M042"	"10M042_300er_700nm_OG530_250µW_50s_080910_1.dat"	"Quarz"	700	488	200	5	10,00	0,25	300	"50x/0.5"							
371	8.9.10	"Nuys"	"10M042"	"10M042_300er_1000nm_RG665_250µW_50s_080910_1.dat"	"Quarz"	1000	488	200	5	10,00	0,25	300	"50x/0.5"							
372	8.9.10		"Quarz"	"Quarz_300er_850nm_150s_080910_1.dat"	"Quarz"	850	488	200	5	30,00	0,25	300	"50x/0.5"							
373	8.9.10		"Quarz"	"Quarz_300er_700nm_150s_080910_1.dat"	"Quarz"	700	488	200	5	30,00	0,25	300	"50x/0.5"							
374	8.9.10		"Quarz"	"Quarz_300er_1000nm_150s_080910_1.dat"	"Quarz"	1000	488	200	5	30,00	0,25	300	"50x/0.5"							
375	8.9.10		"Quarz"	"Probentisch_fokus_wie_Quarz_300er_850nm_150s_080910_1.dat"	"Quarz"	850	488	200	5	30,00	0,25	300	"50x/0.5"							
376	8.9.10		"Quarz"	"Probentisch_fokus_wie_Quarz_300er_700nm_150s_080910_1.dat"	"Quarz"	700	488	200	5	30,00	0,25	300	"50x/0.5"							
377	8.9.10		"Quarz"	"Probentisch_fokus_wie_Quarz_300er_1000nm_150s_080910_1.dat"	"Quarz"	1000	488	200	5	30,00	0,25	300	"50x/0.5"							
378	16.9.10		"Halogen Lampe"	"Halogen_300er_700nm_OG530_20x0.01s_200µm_Spalt_160910_1.dat"	"x"	700	"x"	200	20	0,01		300	"50x/0.5"							
379	16.9.10		"Untergrund"	"Halogen_300er_700nm_OG530_20x0.01s_200µm_Spalt_Untergrund_160910_1.dat"	"x"	700	"x"	200	20	0,01		300	"50x/0.5"							
380	16.9.10		"Halogen Lampe"	"Halogen_300er_850nm_OG570_20x0.01s_200µm_Spalt_160910_1.dat"	"x"	850	"x"	200	20	0,01		300	"50x/0.5"							
381	16.9.10		"Untergrund"	"Halogen_300er_850nm_OG570_20x0.01s_200µm_Spalt_Untergrund_160910_1.dat"	"x"	850	"x"	200	20	0,01		300	"50x/0.5"							
382	16.9.10		"Halogen Lampe"	"Halogen_300er_1000nm_RG665_20x0.01s_200µm_Spalt_160910_1.dat"	"x"	1000	"x"	200	20	0,01		300	"50x/0.5"							
383	16.9.10		"Untergrund"	"Halogen_300er_1000nm_RG665_20x0.01s_200µm_Spalt_Untergrund_160910_1.dat"	"x"	1000	"x"	200	20	0,01		300	"50x/0.5"							
384	17.9.10	"Renato"	"SiGe20"	"Ren_SiGe20_1"		"700 cm-1"	488	150	5	20,00	0,18	2400	"50x/0.8"							
385	17.9.10	"Renato"	"SiGe35"	"Ren_SiGe35_1"							0,18	2400	"50x/0.8"							
386	17.9.10	"Renato"	"SiGe50"	"Ren_SiGe50_1"							0,18	2400	"50x/0.8"							
387	17.9.10	"Renato"	"SiGe65"	"Ren_SiGe65_1"							0,18	2400	"50x/0.8"							
388	17.9.10	"Renato"	"RM-1"	"RM1_1"					5	60,00	0,18	2400	"50x/0.8"							
389	17.9.10	"Renato"	"RM-2"	"RM2_NW1"					5	120,00	0,18	2400	"250x"							
390	17.9.10	"Renato"	"RM-2"	"RM2_middle_box_1"					10	40,00	0,18	2400								
391	17.9.10	"Renato"	"RM-3"	"RM3_middle_box_1"					10	40,00	0,18	2400								
392	17.9.10	"Renato"	"RM-3"	"RM3_NW1"					5	180,00	0,18	2400								
393	21.9.10	"Grootonk"	"10B228"		"ZnO geätzt"	1550	488	150			0,20	1200	"50x/0.8"		"Ätzkrater, div. Messungen"					
394	21.9.10	"Nuys"	"10M059"	"10M0neu_1200er_1550relcm_N1_und_488Kante_150s_100µW_150µmSpalt_200910_am_Rand_1.dat"	"Corning 1.1mm"	1550	488	150	5	30,00	0,10	1200	"50x/0.5"							
395	21.9.10	"Nuys"	"10M059"	"10M0neu_1200er_1550relcm_N1_und_488Kante_50s_460µW_150µmSpalt_200910_am_Rand_1.dat"	"Corning 1.1mm"	1550	488	150	5	10,00	0,46	1200	"50x/0.5"							
396	21.9.10	"Nuys"	"10M059"	"10M0neu_1200er_1550relcm_N1_und_488Kante_150s_340µW_150µmSpalt_200910_am_Rand_1.dat"	"Corning 1.1mm"	1550	488	150	5	20,00	0,36	1200	"50x/0.5"							
397	21.9.10	"Nuys"	"10M059"	"10M0neu_1200er_1550relcm_N1_und_488Kante_25s_1420µW_150µmSpalt_200910_am_Rand_1.dat"	"Corning 1.1mm"	1550	488	150	5	5,00	1,42	1200	"50x/0.5"							
398	21.9.10	"Nuys"	"10M059"	"10M0neu_1200er_1550relcm_N1_und_488Kante_10s_2920µW_150µmSpalt_200910_am_Rand_1.dat"	"Corning 1.1mm"	1550	488	150	5	2,00	2,92	1200	"50x/0.5"							
399	22.9.10	"Grootonk"	"10B270"		"ZnO geätzt"	1550	488	150	5		0,20	1200	"50x/0.8"		"Ätzkrater, div. Messungen"					
400	23.9.10	"Grootonk"	"10B244"		"ZnO geätzt"	1550	488	200	5	10,00		1200	"50x/0.8"		"Ätzkrater, div. Messungen"					
401	27.9.10	"Ding"	"10c246q1"	"10c246q1_1"	"Quarz"	1550	488	200	5	30,00		1200	"Makroaufbau"							
402	27.9.10	"Ding"	"10c246q2"	"10c246q2_1"	"Quarz"	1550	488	200	5	30,00		1200	"Makroaufbau"							
403	27.9.10	"Ding"	"10c246q3"	"10c246q3_1"	"Quarz"	1550	488	200	5	30,00		1200	"Makroaufbau"							
404	27.9.10	"Ding"	"10c185"	"10c185cr1"	"Chrom"	1550	488	200	5	30,00		1200	"Makroaufbau"							
405	27.9.10	"Ding"	"10c245"	"10c245cr1"	"Chrom"	1550	488	200	5	30,00		1200	"Makroaufbau"							
406	27.9.10	"Ding"	"10c246"	"10c246cr1"	"Chrom"	1550	488	200	5	30,00		1200	"Makroaufbau"							
407	27.9.10	"Nuys"	"10M053"	"10M053_300er_700nm_OG530_1600µW_0.5s_270910_am_Rand_nicht_auf_Korn_1.dat"	"Quarz"	700	488	200	5	0,10	1,60	300	"50x/0.5"							
408	27.9.10	"Nuys"	"10M053"	"10M053_300er_1000nm_RG665_1600µW_0.5s_270910_am_Rand_nicht_auf_Korn_1.dat"	"Quarz"	1000	488	200	5	0,10	1,60	300	"50x/0.5"							
409	27.9.10	"Nuys"	"10M053"	"10M053_300er_700nm_OG530_1600µW_0.5s_270910_Korn_am_Rand_1.dat"	"Quarz"	700	488	200	5	10,00	1,60	300	"50x/0.5"							
410	27.9.10	"Nuys"	"10M053"	"10M053_300er_1000nm_RG665_1600µW_0.5s_270910_Korn_am_Rand_1.dat"	"Quarz"	1000	488	200	5	10,00	1,60	300	"50x/0.5"							
411	27.9.10	"Nuys"	"10M053"	"10M053_1200er_1550relcm_220µW_100s_270910_Korn_am_Rand_1.dat"	"Quarz"	1550	488	200	5	20,00	0,22	1200	"50x/0.5"							
412	27.9.10	"Nuys"	"10M053"	"10M053_1200er_1550relcm_1600µW_50s_270910_Korn_am_Rand_1.dat"	"Quarz"	1550	488	200	5	10,00	1,60	1200	"50x/0.5"							
413	27.9.10	"Nuys"	"10M059"	"10M059_300er_700nm_OG530_220µW_50s_1.dat"	"Quarz"	700	488	200	5	10,00	0,22	300	"50x/0.5"							
414	27.9.10	"Nuys"	"10M059"	"10M059_300er_1000nm_RG665_1600µW_50s_270910_1.dat"	"Quarz"	1000	488	200	5	10,00	0,22	300	"50x/0.5"							
415	27.9.10	"Nuys"	"10M059"	"10M059_300er_700nm_OG530_1600µW_10s_270910_1.dat"	"Quarz"	700	488	200	5	2,00	1,60	300	"50x/0.5"							
416	27.9.10	"Nuys"	"10M059"	"10M059_300er_1000nm_RG665_1600µW_10s_270910_1.dat"	"Quarz"	1000	488	200	5	2,00	1,60	300	"50x/0.5"							
417	27.9.10		"Untergrund"	"Untergrund_300er_700nm_OG530_10s_270910_1.dat"	"Quarz"	700	488	200	5	2,00		300	"50x/0.5"							
418	27.9.10		"Untergrund"	"Untergrund_300er_1000nm_RG665_10s_270910_1.dat"	"Quarz"	1000	488	200	5	2,00		300	"50x/0.5"							
419	"31.09.2010"	"Nuys"	"10M033"	"10M033_300er_700nm_OG530_488Kante_250µW_0.05s_150µmSpalt_310910_1.dat"	"Quarz"	700	488	150	5	0,01	0,25	300	"50x/0.5"							
420	"31.09.2010"	"Nuys"	"10M033"	"10M033_300er_1000nm_RG665_488Kante_250µW_0.05s_150µmSpalt_310910_1.dat"	"Quarz"	1000	488	150	5	0,01	0,25	300	"50x/0.5"							
421	"31.09.2010"	"Nuys"	"10M033"	"10M033_1200er_1550relcm_250µW_100s_310910_1.dat"	"Quarz"	1550	488	200	5	20,00	0,25	1200	"50x/0.5"							
422	"31.09.2010"	"Nuys"	"10M033"	"10M033_1200er_1550relcm_500µW_50s_310910_1.dat"	"Quarz"	1550	488	200	5	10,00	0,50	1200	"50x/0.5"							
423	"31.09.2010"	"Nuys"	"10M033"	"10M033_300er_700nm_OG530_488Kante_500µW_0.05s_150µmSpalt_310910_1.dat"	"Quarz"	700	488	150	5	0,01	0,50	300	"50x/0.5"							
424	"31.09.2010"	"Nuys"	"10M033"	"10M033_300er_1000nm_RG665_488Kante_500µW_0.05s_150µmSpalt_310910_1.dat"	"Quarz"	1000	488	150	5	0,01	0,50	300	"50x/0.5"							
425	"31.09.2010"	"Nuys"	"10M033"	"10M033_300er_700nm_OG530_488Kante_890µW_2,5s_200µmSpalt_310910_1.dat"	"Quarz"	700	488	200	5	0,50	0,89	300	"50x/0.5"							
426	"31.09.2010"	"Nuys"	"10M033"	"10M033_300er_1000nm_RG665_488Kante_890µW_2,5s_200µmSpalt_310910_1.dat"	"Quarz"	1000	488	200	5	0,50	0,89	300	"50x/0.5"							
427	"31.09.2010"	"Nuys"	"10M033"	"10M033_1200er_1550relcm_890µW_100s_310910_1.dat"	"Quarz"	1550	488	200	5	20,00	0,89	1200	"50x/0.5"							
428	"31.09.2010"	"Nuys"	"10M033"	"10M033_1200er_1550relcm_1420µW_100s_310910_1.dat"	"Quarz"	1550	488	200	5	20,00	1,42	1200	"50x/0.5"							
429	"31.09.2010"	"Nuys"	"10M033"	"10M033_300er_700nm_OG530_488Kante_1420µW_2s_200µmSpalt_310910_1.dat"	"Quarz"	700	488	200	5	0,40	1,42	300	"50x/0.5"							
430	"31.09.2010"	"Nuys"	"10M033"	"10M033_300er_1000nm_RG665_488Kante_1420µW_2s_200µmSpalt_310910_1.dat"	"Quarz"	1000	488	200	5	0,40	1,42	300	"50x/0.5"							
431	"31.09.2010"	"Nuys"	"10M033"	"10M033_1200er_1550relcm_250µW_250s_2_310910_1.dat"	"Quarz"	1550	488	200	5	50,00	0,22	1200	"50x/0.5"							
432	"31.09.2010"	"Nuys"	"10M032"	"10M032_1200er_1550relcm_190µW_5s_310910_1.dat"	"Quarz"	1550	488	200	5	1,00	0,19	1200	"50x/0.5"							
433	"31.09.2010"	"Nuys"	"10M032"	"10M032_300er_700nm_OG530_488Kante_190µW_5s_200µmSpalt_310910_1.dat"	"Quarz"	700	488	200	5	1,00	0,19	300	"50x/0.5"							
434	"31.09.2010"	"Nuys"	"10M032"	"10M032_300er_1000nm_RG665_488Kante_190µW_5s_200µmSpalt_310910_1.dat"	"Quarz"	1000	488	200	5	1,00	0,19	300	"50x/0.5"							
435	"31.09.2010"	"Nuys"	"10M032"	"10M032_300er_700nm_OG530_488Kante_360µW_5s_200µmSpalt_310910_1.dat"	"Quarz"	700	488	200	5	1,00	0,36	300	"50x/0.5"							
436	"31.09.2010"	"Nuys"	"10M032"	"10M032_300er_1000nm_RG665_488Kante_360µW_5s_200µmSpalt_310910_1.dat"	"Quarz"	1000	488	200	5	1,00	0,36	300	"50x/0.5"							
437	"31.09.2010"	"Nuys"	"10M033"	"10M032_1200er_1550relcm_360µW_5s_310910_1.dat"	"Quarz"	1550	488	200	5	1,00	0,36	1200	"50x/0.5"							
438	"31.09.2010"	"Nuys"	"10M032"	"10M032_1200er_1550relcm_560µW_4s_310910_1.dat"	"Quarz"	1550	488	200	5	0,80	0,56	1200	"50x/0.5"							
439	"31.09.2010"	"Nuys"	"10M032"	"10M032_300er_700nm_OG530_488Kante_560µW_4s_200µmSpalt_310910_1.dat"	"Quarz"	700	488	200	5	0,80	0,56	300	"50x/0.5"							
440	"31.09.2010"	"Nuys"	"10M032"	"10M032_300er_1000nm_RG665_488Kante_560µW_4s_200µmSpalt_310910_1.dat"	"Quarz"	1000	488	200	5	0,80	0,56	300	"50x/0.5"							
441	"31.09.2010"	"Nuys"	"10M032"	"10M032_300er_700nm_OG530_488Kante_820µW_5s_200µmSpalt_310910_1.dat"	"Quarz"	700	488	200	5	1,00	0,82	300	"50x/0.5"							
442	"31.09.2010"	"Nuys"	"10M032"	"10M032_300er_1000nm_RG665_488Kante_820µW_5s_200µmSpalt_310910_1.dat"	"Quarz"	1000	488	200	5	1,00	0,82	300	"50x/0.5"							
443	"31.09.2010"	"Nuys"	"10M033"	"10M032_1200er_1550relcm_820µW_2,5s_310910_1.dat"	"Quarz"	1550	488	200	5	0,50	0,82	1200	"50x/0.5"							
444	"31.09.2010"	"Nuys"	"10M032"	"10M032_1200er_1550relcm_1350µW_1,5s_310910_1.dat"	"Quarz"	1550	488	200	5	0,30	1,35	1200	"50x/0.5"							
445	"31.09.2010"	"Nuys"	"10M032"	"10M032_300er_700nm_OG530_488Kante_1350µW_3s_200µmSpalt_310910_1.dat"	"Quarz"	700	488	200	5	0,60	1,35	300	"50x/0.5"							
446	"31.09.2010"	"Nuys"	"10M032"	"10M032_300er_1000nm_RG665_488Kante_1350µW_3s_200µmSpalt_310910_1.dat"	"Quarz"	1000	488	200	5	0,60	1,35	300	"50x/0.5"							
447	"31.09.2010"	"Nuys"	"10M032"	"10M032_300er_700nm_OG530_488Kante_190µW_10s_200µmSpalt_2_310910_1.dat"	"Quarz"	700	488	200	5	2,00	0,19	300	"50x/0.5"							
448	"31.09.2010"	"Nuys"	"10M032"	"10M032_300er_1000nm_RG665_488Kante_190µW_10s_200µmSpalt__2310910_1.dat"	"Quarz"	1000	488	200	5	2,00	0,19	300	"50x/0.5"							
449	"31.09.2010"	"Nuys"	"10M032"	"10M032_1200er_1550relcm_190µW_10s_310910_1.dat"	"Quarz"	1550	488	200	5	2,00	0,19	1200	"50x/0.5"							
450	"31.09.2010"	"Nuys"	"10M035"	"10M035_300er_700nm_OG530_488Kante_250µW_300s_200µmSpalt_310910_1.dat"	"Quarz"	700	488	200	5	60,00	0,25	300	"50x/0.5"							
451	"31.09.2010"	"Nuys"	"10M035"	"10M035_300er_1000nm_RG665_488Kante_250µW_300s_200µmSpalt_310910_1.dat"	"Quarz"	1000	488	200	5	60,00	0,25	300	"50x/0.5"							
452	"31.09.2010"	"Nuys"	"10M035"	"10M035_1200er_1550relcm_488Kante_Notch_N1_250µW_3x50s_200µmSpalt_310910_1.dat"	"Quarz"	1550	488	200	3	50,00	0,25	1200	"50x/0.5"							
453	"31.09.2010"	"Nuys"	"10M035"	"10M035_1200er_1550relcm_488Kante_Notch_N1_1140µW_150s_200µmSpalt_310910_1.dat"	"Quarz"	1550	488	200	5	30,00	1,14	1200	"50x/0.5"							
454	"31.09.2010"	"Nuys"	"10M035"	"10M035_300er_700nm_OG530_488Kante_1140µW_50s_200µmSpalt_310910_1.dat"	"Quarz"	700	488	200	5	10,00	1,14	300	"50x/0.5"							
455	"31.09.2010"	"Nuys"	"10M035"	"10M035_300er_1000nm_RG665_488Kante_1140µW_50s_200µmSpalt_310910_1.dat"	"Quarz"	1000	488	200	5	10,00	1,14	300	"50x/0.5"							
456	"31.09.2010"	"Nuys"	"10M035"	"10M035_300er_700nm_OG530_488Kante_250µW_300s_200µmSpalt_2_310910_1.dat"	"Quarz"	700	488	200	5	60,00	0,25	300	"50x/0.5"							
457	"31.09.2010"	"Nuys"	"10M035"	"10M035_300er_1000nm_RG665_488Kante_250µW_300s_200µmSpalt_2_310910_1.dat"	"Quarz"	1000	488	200	5	60,00	0,25	300	"50x/0.5"							
458	"31.09.2010"	"Nuys"	"10M035"	"10M035_1200er_1550relcm_488Kante_Notch_N1_250µW_3x50s_200µmSpalt_2_310910_1.dat"	"Quarz"	1550	488	200	3	50,00	0,25	1200	"50x/0.5"							
459	5.10.10	"Pennartz"	"10f103"	"10f103cr1"	"Chrom"	1559	488	200	10	30,00		1200	"Makroaufbau"							
460	5.10.10	"Pennartz"	"10f104"	"10f104cr1"	"Chrom"	1559	488	200	10	30,00		1200	"Makroaufbau"							
461	5.10.10	"Pennartz"	"10f105"	"10f105cr1"	"Chrom"	1559	488	200	10	30,00		1200	"Makroaufbau"							
462	11.10.10	"Pennartz"	"10F104"	"10F104Micr1"	"Chrom"	1560	488	150	5	20,00		1200	"50x/0.5"							
463	11.10.10	"Pennartz"	"10F104"	"10F104Micr2"	"Chrom"	1560	488	150	5	20,00		1200	"50x/0.5"							
464	11.10.10	"Pennartz"	"10F104"	"10F104Micr3"	"Chrom"	1560	488	150	5	20,00		1200	"50x/0.5"							
465	11.10.10	"Pennartz"	"10F104"	"10F104Micr4"	"Chrom"	1560	488	150	5	20,00		1200	"50x/0.5"							
466	11.10.10	"Pennartz"	"10F104"	"10F104Micr5"	"Chrom"	1560	488	150	5	20,00		1200	"50x/0.5"							
467	11.10.10	"Pennartz"	"10F101"	"10F101MiCr1"	"Chrom"	1560	488	150	5	10,00		1200	"50x/0.5"							
468	11.10.10	"Pennartz"	"10F101"	"10F101MiCr2"	"Chrom"	1560	488	150	5	10,00		1200	"50x/0.5"							
469	11.10.10	"Pennartz"	"10F101"	"10F101MiCr3"	"Chrom"	1560	488	150	5	10,00		1200	"50x/0.5"							
470	11.10.10	"Pennartz"	"10F101"	"10F101MiCr4"	"Chrom"	1560	488	150	5	10,00		1200	"50x/0.5"							
471	11.10.10	"Pennartz"	"10F101"	"10F101MiCr5"	"Chrom"	1560	488	150	5	10,00		1200	"50x/0.5"							
472	11.10.10	"Pennartz"	"10F106"	"10F106MiCr1"	"Chrom"	1560	488	150	5	10,00		1200	"50x/0.5"							
473	11.10.10	"Pennartz"	"10F106"	"10F106MiCr2"	"Chrom"	1560	488	150	5	10,00		1200	"50x/0.5"							
474	11.10.10	"Pennartz"	"10F106"	"10F106MiCr3"	"Chrom"	1560	488	150	5	10,00		1200	"50x/0.5"							
475	11.10.10	"Pennartz"	"10F106"	"10F106MiCr4"	"Chrom"	1560	488	150	5	10,00		1200	"50x/0.5"							
476	11.10.10	"Pennartz"	"10F106"	"10F106MiCr5"	"Chrom"	1560	488	150	5	10,00		1200	"50x/0.5"							
477	18.10.10	"Pennartz"	"10f103"	"10f103cr2"	"Chrom"	1560	488	200	10	30,00		1200	"Makroaufbau"							
478	18.10.10	"Pennartz"	"10f104"	"10f104cr2"	"Chrom"	1560	488	200	10	30,00		1200	"Makroaufbau"							
479	18.10.10	"Pennartz"	"10f105"	"10f105cr2"	"Chrom"	1560	488	200	10	30,00		1200	"Makroaufbau"							
480	18.10.10	"Pennartz"	"10f106"	"10f106cr1"	"Chrom"	1560	488	200	10	30,00		1200	"Makroaufbau"							
481	18.10.10	"Pennartz"	"10f107"	"10f107cr1"	"Chrom"	1560	488	200	10	30,00		1200	"Makroaufbau"							
482	18.10.10	"Pennartz"	"10f108"	"10f108cr1"	"Chrom"	1560	488	200	10	30,00		1200	"Makroaufbau"							
483	18.10.10	"Pennartz"	"10f109"	"10f109cr1"	"Chrom"	1560	488	200	10	30,00		1200	"Makroaufbau"							
484	18.10.10	"Chen"	"10Q011"	"10Q011cr1"	"Chrom"	1560	488	200	5	60,00		1200	"Makroaufbau"							
485	18.10.10	"Chen"	"10Q010"	"10Q010Cr1"	"Chrom"	1560	488	200	5	60,00		1200	"Makroaufbau"		"PL untergrund verringert sich mit der zeit"					
486	18.10.10	"Nuys"	"10M060"	"10M060_randc1"	"Corning 0.7mm"	1560	488	150	5	10,00		1200	"50x/0.5"							
487	18.10.10	"Nuys"	"10M061"	"10M061_randc1"	"Corning 0.7mm"	1560	488	150	5	100,00		1200	"50x/0.5"							
488	18.10.10	"Nuys"	"10M062"	"10M062_randc1"	"Corning 0.7mm"	1560	488	150	5	50,00		1200	"50x/0.5"							
489	18.10.10	"Nuys"	"10M063"	"10M063_randc1"	"Corning 0.7mm"	1560	488	150	5	50,00		1200	"50x/0.5"							
490	18.10.10	"Nuys"	"10M064"	"10M064_randc1"	"Corning 0.7mm"	1560	488	150	5	50,00		1200	"50x/0.5"							
491	18.10.10	"Nuys"	"10M065"	"10M065_randc1"	"Corning 0.7mm"	1560	488	150	5	50,00		1200	"50x/0.5"							
492	18.10.10	"Nuys"	"10M065"	"10M06_randc1"	"Corning 0.7mm"	1560	488	150	5	50,00		1200	"50x/0.5"							
493	21.10.10	"Ding"	"10C256Cr"	"10C256Cr1"	"Chrom"	1562	488	150	5	60,00		1200			"PL untergrund verringert sich mit der zeit"					
494	21.10.10	"Ding"	"10C256Cr"	"10C256Cr2"	"Chrom"	1562	488	150	5	60,00		1200			"PL untergrund verringert sich mit der zeit"					
495	21.10.10	"Ding"	"10C261Cr"	"10C261Cr1"	"Chrom"	1562	488	150	5	60,00		1200			"PL untergrund verringert sich mit der zeit"					
496	21.10.10	"Ding"	"10C262Cr"	"10C262Cr1"	"Chrom"	1562	488	150	5	10,00		1200			"PL untergrund verringert sich mit der zeit, aber zu hoch"					
497	21.10.10	"Ding"	"10C271Cr"	"10C271Cr1"	"Chrom"	1562	488	150	5	60,00		1200			"PL untergrund verringert sich mit der zeit"					
498	21.10.10	"Ding"	"10C246Cr"	"10C246q2_2"	"Quarz"	1562	488	150	5	20,00		1200								
499	27.10.10		"Halogen Lampe"	"halogen_150er_800nm_OG570_488_10x2s_100µm_spalt_27102010.asc"		800	488	100	10	2,00		150	"50x/0.5"							
500	27.10.10		"Halogen Lampe"	"halogen_150er_800nm_OG570_488_10x2s_100µm_spalt_27102010_untergrund.asc"		800	488	100	10	2,00		150	"50x/0.5"							
501	28.10.10	"Nuys"	"10M032"	"10M032_150er_800nm_488Kante_OG570_200µmSpalt_900s_230µW_281010.asc"	"Quarz"	800	488	200	15	60,00	0,23	150	"50x/0.5"							
502	28.10.10	"Nuys"	"10M032"	"10M032_150er_800nm_488Kante_OG570_200µmSpalt_900s_230µW_281010_Untergrund.asc"	"Quarz"	800	488	200	15	60,00	0,23	150	"50x/0.5"							
503	2.11.10	"Nuys"	"10M032"	"10M032_150er_800nm_488Kante_OG570_200µmSpalt_60sx10_210µW_021110.asc"	"Quarz"	800	488	200	10	60,00	0,21	150	"50x/0.5"							
504	2.11.10	"Nuys"	"10M032"	"10M032_150er_800nm_488Kante_OG570_200µmSpalt_60sx10_210µW_021110_Untergrund.asc"	"Quarz"	800	488	200	10	60,00	0,21	150	"50x/0.5"							
503	2.11.10	"Nuys"	"10M034"	"10M034_150er_1050nm_488Kante_RG830_200µmSpalt_60sx10_210µW_021110.asc"	"Quarz"	800	488	200	10	60,00	0,21	150	"50x/0.5"							
504	2.11.10	"Nuys"	"10M034"	"10M034_150er_1050nm_488Kante_RG8300_200µmSpalt_60sx10_210µW_021110_Untergrund.asc"	"Quarz"	800	488	200	10	60,00	0,21	150	"50x/0.5"							
507	8.11.10	"Nuys"	"10M034"	"10M034_150er_1050nm_488Kante_RG830_200µmSpalt_60sx45_081110.asc"		1050	488	200	45	60,00		150								
508	8.11.10	"Nuys"	"10M034"	"10M034_150er_1050nm_488Kante_RG830_200µmSpalt_60sx45_081110_untergrund.asc"		1050	488	200	10	60,00		150								
509	10.11.10	"Pennartz"	"10F106"	"10F106qa"	"Quarz"	1500	488	150	5	20,00	20,00	1200								
510	10.11.10	"Pennartz"	"10F106"	"10F106qa_temp"	"Quarz"	1500	488	150	5	20,00	20,00	1200								
511	11.11.10	"Ding"	"10c317Cr"	"10c317Cr1"	"Chrom"	1500	488	150	5	30,00	20,00	1200								
512	11.11.10	"Ding"	"10c317q_1000_60"	"10c317q_1000_60_1"	"Quarz"	1500	488	150	5	20,00	20,00	1200								
513	11.11.10	"Ding"	"10c318Cr"	"10c318Cr1"	"Chrom"	1500	488	150	5	20,00	20,00	1200								
514	11.11.10	"Ding"	"10c318q_1000_60"	"10c318q_1000_60_1"	"Quarz"	1500	488	150	5	20,00	20,00	1200								
515	11.11.10	"Ding"	"10c319Cr"	"10c319Cr1"	"Chrom"	1500	488	150	5	20,00	20,00	1200								
516	11.11.10	"Ding"	"10c319q_1000_60"	"10c319q_1000_60_1"	"Quarz"	1500	488	150	5	20,00	20,00	1200								
517	11.11.10	"Flikweert"	"10D904_1"	"10D904_1_2_xxxum"	"ZnO geätzt"	650	488	150			0,02	2400			"Ätzkrater, div Messungen"					
518	12.11.10	"Muthmann"	"10s377_02"	"10s377_02_2_xxxum"	"ZnO geätzt"	650	488	150			0,02	2400			"Ätzkrater, div Messungen"					
519	15.11.10	"Haas"	"06L-1037-1_Z19"	"06L1037_1_Z19_xxum"	"Asahi-U"	650	488	150			0,04	2400			"Laserkante, div Messungen, glasseite und schichtseite"					
520	16.11.10	"Zotov"	"ZRYO"	"zirconsample_2mW_1s_10acc"		1500	488	150	10	1,00	2,00	1200								
521	16.11.10	"Pennartz"	"10F114"	"10F114cr01"	"Chrom"	1500	488	150	5	30,00	20,00	1200								
522	16.11.10	"Pennartz"	"10F113"	"10F113cr01"	"Chrom"	1500	488	150	5	30,00	20,00	1200								
523	17.11.10	"Köhler"	"JL91127"	"JL91127g1"	"Corning 1.1mm"	825	647	150	5	30,00	20,00	1200								
524	17.11.10	"Köhler"	"JL9254_14"	"JL9254_14g1"	"Corning 1.1mm"	825	647	150	5	30,00	20,00	1200								
525	17.11.10	"Köhler"	"JL9254_15"	"JL9254_15g1"	"Corning 1.1mm"	825	647	150	5	30,00	20,00	1200								
526	18.11.10	"Köhler"	"Corning_substrat"	"08L291_substrat"	"Corning 1.1mm"	825	647	150	10	60,00	20,00	1200								
527	18.11.10	"Köhler"	"corningglas"	"corningglas"	"Corning 1.1mm"	825	647	150	10	60,00	20,00	1200								
528	18.11.10	"Köhler"	"Corning_substrat"	"JL91127g1_substrat"	"Corning 1.1mm"	825	647	150	10	60,00	20,00	1200								
529	25.11.10	"Ding"	"10c320Cr"	"10c320Cr1"	"Chrom"	1500	488	150	5	20,00	35,00	1200								
530	25.11.10	"Ding"	"10c320q"	"10c320q1"	"Quarz"	1500	488	150	5	20,00	35,00	1200								
531	25.11.10	"Ding"	"10c321Cr"	"10c321Cr1"	"Chrom"	1500	488	150	5	20,00	35,00	1200								
532	25.11.10	"Ding"	"10c321q"	"10c321q1"	"Quarz"	1500	488	150	5	20,00	35,00	1200								
533	25.11.10	"Ding"	"10c322Cr"	"10c322Cr1"	"Chrom"	1500	488	150	5	20,00	35,00	1200								
534	25.11.10	"Ding"	"10c322q"	"10c322q1"	"Quarz"	1500	488	150	5	20,00	35,00	1200								
535	25.11.10	"Ding"	"10c323q3a"	"10c323q3a1"	"Quarz"	1500	488	150	5	20,00	35,00	1200								
536	25.11.10	"Ding"	"10c323q3b"	"10c323q3b1"	"Quarz"	1500	488	150	5	20,00	35,00	1200								
537	25.11.10	"Ding"	"10c316q"	"10c316q1"	"Quarz"	1500	488	150	5	20,00	35,00	1200								
538	29.11.10	"Nuys"	"10-MN-071"	"10M071_1500relcm_488Kante_N1_5x100s_190µW_29112010"	"Quarz"	1500	488	150	5	100,00	"190µW"	1200	"mikro"							
539	8.12.10	"Grootonk"	"10b131"	"10b131-0t1"	"ZnO geätzt"	650	488	150	5	10,00	0,50	2400	"mikro"	33,6%						
540	8.12.10	"Grootonk"	"10b131"	"10b131-250t1"	"ZnO geätzt"	650	488	150	5	10,00	0,50	2400	"mikro"	33,2%						
541	8.12.10	"Grootonk"	"10b131"	"10b131-500t1"	"ZnO geätzt"	650	488	150	5	10,00	0,50	2400	"mikro"	33,0%						
542	8.12.10	"Grootonk"	"10b131"	"10b131-750t1"	"ZnO geätzt"	650	488	150	5	10,00	0,50	2400	"mikro"	30,8%						
543	8.12.10	"Grootonk"	"10b131"	"10b131-1000t1"	"ZnO geätzt"	650	488	150	5	10,00	0,50	2400	"mikro"	29,5%						
544	8.12.10	"Grootonk"	"10b131"	"10b131-1250t1"	"ZnO geätzt"	650	488	150	5	10,00	0,50	2400	"mikro"	33,0%						
545	8.12.10	"Grootonk"	"10b131"	"10b131-1500t1"	"ZnO geätzt"	650	488	150	5	10,00	0,50	2400	"mikro"	40,2%						
546	8.12.10	"Grootonk"	"10b131"	"10b131-1750t1"	"ZnO geätzt"	650	488	150	5	10,00	0,50	2400	"mikro"	40,6%						
547	8.12.10	"Grootonk"	"10b131"	"10b131-2000t1"	"ZnO geätzt"	650	488	150	5	10,00	0,50	2400	"mikro"	45,7%						
548	8.12.10	"Grootonk"	"10b131"	"10b131-2250t1"	"ZnO geätzt"	650	488	150	5	10,00	0,50	2400	"mikro"	50,6%						
549	8.12.10	"Grootonk"	"10b131"	"10b131-2500t1"	"ZnO geätzt"	650	488	150	5	10,00	0,50	2400	"mikro"	44,7%						
550	8.12.10	"Grootonk"	"10b131"	"10b131-2750t1"	"ZnO geätzt"	650	488	150	5	10,00	0,50	2400	"mikro"	25,4%						
551	8.12.10	"Grootonk"	"10b131"	"10b131-3000t1"	"ZnO geätzt"	650	488	150	5	10,00	0,50	2400	"mikro"	19,3%						
552	8.12.10	"Grootonk"	"10b131"	"10b131-3250t1"	"ZnO geätzt"	650	488	150	5	10,00	0,50	2400	"mikro"	9,8%						
553	8.12.10	"Grootonk"	"10b131"	"10b131-3500t1"	"ZnO geätzt"	650	488	150	5	10,00	0,50	2400	"mikro"	4,8%						
554	8.12.10	"Grootonk"	"10b131"	"10b131-3750t1"	"ZnO geätzt"	650	488	150	5	10,00	0,50	2400	"mikro"	2,3%						
555	8.12.10	"Grootonk"	"10b131"	"10b131-4000t1"	"ZnO geätzt"	650	488	150	5	10,00	0,50	2400	"mikro"	0,0%						
556	8.12.10	"Grootonk"	"10b131"	"10b131-4250t1"	"ZnO geätzt"	650	488	150	5	10,00	0,50	2400	"mikro"		"nicht auswertbar"					
557	8.12.10	"Grootonk"	"10b131"	"10b131-4500t1"	"ZnO geätzt"	650	488	150	5	10,00	0,50	2400	"mikro"	32,8%						
558	8.12.10	"Grootonk"	"10b131"	"10b131-4750t1"	"ZnO geätzt"	650	488	150	5	10,00	0,50	2400	"mikro"	38,5%						
559	8.12.10	"Grootonk"	"10b270"	"10b270-0t1"	"ZnO geätzt"	650	488	150	5	10,00	0,50	2400	"mikro"	0,0%						
560	8.12.10	"Grootonk"	"10b270"	"10b270-500t1"	"ZnO geätzt"	650	488	150	5	10,00	0,50	2400	"mikro"	1,0%						
561	8.12.10	"Grootonk"	"10b270"	"10b270-1000t1"	"ZnO geätzt"	650	488	150	5	10,00	0,50	2400	"mikro"	4,7%						
562	8.12.10	"Grootonk"	"10b270"	"10b270-1500t1"	"ZnO geätzt"	650	488	150	5	10,00	0,50	2400	"mikro"	6,0%						
563	8.12.10	"Grootonk"	"10b270"	"10b270-2000t1"	"ZnO geätzt"	650	488	150	5	10,00	0,50	2400	"mikro"	42,4%						
564	8.12.10	"Grootonk"	"10b270"	"10b270-2500t1"	"ZnO geätzt"	650	488	150	5	10,00	0,50	2400	"mikro"	30,0%						
565	8.12.10	"Grootonk"	"10b270"	"10b270-3000t1"	"ZnO geätzt"	650	488	150	5	10,00	0,50	2400	"mikro"	17,3%						
566	8.12.10	"Grootonk"	"10b270"	"10b270-3500t1"	"ZnO geätzt"	650	488	150	5	10,00	0,50	2400	"mikro"	25,9%						
567	8.12.10	"Grootonk"	"10b270"	"10b270-4000t1"	"ZnO geätzt"	650	488	150	5	10,00	0,50	2400	"mikro"	0,0%						
568	8.12.10	"Grootonk"	"10b270"	"10b270-4500t1"	"ZnO geätzt"	650	488	150	5	10,00	0,50	2400	"mikro"	0,0%						
569	8.12.10	"Grootonk"	"10b270"	"10b270-5000t1"	"ZnO geätzt"	650	488	150	5	10,00	0,50	2400	"mikro"	0,0%						
570	8.12.10	"Grootonk"	"10b270"	"10b270-5500t1"	"ZnO geätzt"	650	488	150	5	10,00	0,50	2400	"mikro"	17,3%						
571	8.12.10	"Grootonk"	"10b256"	"10b256-0t1"	"ZnO geätzt"	650	488	150	5	10,00	0,50	2400	"mikro"	71,0%						
572	8.12.10	"Grootonk"	"10b256"	"10b256-500t1"	"ZnO geätzt"	650	488	150	5	10,00	0,50	2400	"mikro"	71,2%						
573	8.12.10	"Grootonk"	"10b256"	"10b256-1000t1"	"ZnO geätzt"	650	488	150	5	10,00	0,50	2400	"mikro"	74,6%						
574	8.12.10	"Grootonk"	"10b256"	"10b256-1500t1"	"ZnO geätzt"	650	488	150	5	10,00	0,50	2400	"mikro"	75,5%						
575	8.12.10	"Grootonk"	"10b256"	"10b256-2000t1"	"ZnO geätzt"	650	488	150	5	10,00	0,50	2400	"mikro"	72,9%						
576	8.12.10	"Grootonk"	"10b256"	"10b256-2500t1"	"ZnO geätzt"	650	488	150	5	10,00	0,50	2400	"mikro"	69,2%						
577	8.12.10	"Grootonk"	"10b256"	"10b256-3000t1"	"ZnO geätzt"	650	488	150	5	10,00	0,50	2400	"mikro"	62,4%						
578	8.12.10	"Grootonk"	"10b256"	"10b256-3500t1"	"ZnO geätzt"	650	488	150	5	10,00	0,50	2400	"mikro"		"nicht auswertbar"					
579	8.12.10	"Grootonk"	"10b256"	"10b256-4000t1"	"ZnO geätzt"	650	488	150	5	10,00	0,50	2400	"mikro"	73,8%						
580	8.12.10	"Grootonk"	"10b256"	"10b256-4500t1"	"ZnO geätzt"	650	488	150	5	10,00	0,50	2400	"mikro"	70,7%						
581	8.12.10	"Grootonk"	"10b121"	"10b121-0t1"	"ZnO geätzt"	650	488	150	5	10,00	0,50	2400	"mikro"	12,6%						
582	8.12.10	"Grootonk"	"10b121"	"10b121-500t1"	"ZnO geätzt"	650	488	150	5	10,00	0,50	2400	"mikro"	14,7%						
583	8.12.10	"Grootonk"	"10b121"	"10b121-1000t1"	"ZnO geätzt"	650	488	150	5	10,00	0,50	2400	"mikro"	25,3%						
584	8.12.10	"Grootonk"	"10b121"	"10b121-1500t1"	"ZnO geätzt"	650	488	150	5	10,00	0,50	2400	"mikro"	25,6%						
585	8.12.10	"Grootonk"	"10b121"	"10b121-2000t1"	"ZnO geätzt"	650	488	150	5	10,00	0,50	2400	"mikro"	12,8%						
586	8.12.10	"Grootonk"	"10b121"	"10b121-2500t1"	"ZnO geätzt"	650	488	150	5	10,00	0,50	2400	"mikro"	20,3%						
587	8.12.10	"Grootonk"	"10b121"	"10b121-3000t1"	"ZnO geätzt"	650	488	150	5	10,00	0,50	2400	"mikro"	25,0%						
588	8.12.10	"Grootonk"	"10b121"	"10b121-3250t1"	"ZnO geätzt"	650	488	150	5	10,00	0,50	2400	"mikro"	38,2%						
589	8.12.10	"Grootonk"	"10b121"	"10b121-3500t1"	"ZnO geätzt"	650	488	150	5	10,00	0,50	2400	"mikro"	34,7%						
590	8.12.10	"Grootonk"	"10b121"	"10b121-3750t1"	"ZnO geätzt"	650	488	150	5	10,00	0,50	2400	"mikro"	39,7%						
591	8.12.10	"Grootonk"	"10b121"	"10b121-4000t1"	"ZnO geätzt"	650	488	150	5	10,00	0,50	2400	"mikro"	43,6%						
592	8.12.10	"Grootonk"	"10b121"	"10b121-4250t1"	"ZnO geätzt"	650	488	150	5	10,00	0,50	2400	"mikro"	28,5%						
593	8.12.10	"Grootonk"	"10b121"	"10b121-4500t1"	"ZnO geätzt"	650	488	150	5	10,00	0,50	2400	"mikro"	33,3%						
594	8.12.10	"Grootonk"	"10b121"	"10b121-4750t1"	"ZnO geätzt"	650	488	150	5	10,00	0,50	2400	"mikro"	31,4%						
595	8.12.10	"Grootonk"	"10b121"	"10b121-5000t1"	"ZnO geätzt"	650	488	150	5	10,00	0,50	2400	"mikro"		"nicht auswertbar"					
596	8.12.10	"Grootonk"	"10b121"	"10b121-5250t1"	"ZnO geätzt"	650	488	150	5	10,00	0,50	2400	"mikro"	27,8%						
597	8.12.10	"Grootonk"	"10b121"	"10b121-5500t1"	"ZnO geätzt"	650	488	150	5	10,00	0,50	2400	"mikro"	27,5%						
598	9.12.10	"Grootonk"	"10b228"	"10b228-0t1"	"ZnO geätzt"	650	488	150	5	10,00	0,50	2400	"mikro"	70,8%						
599	9.12.10	"Grootonk"	"10b228"	"10b228-500t1"	"ZnO geätzt"	650	488	150	5	10,00	0,50	2400	"mikro"	67,0%						
600	9.12.10	"Grootonk"	"10b228"	"10b228-1000t1"	"ZnO geätzt"	650	488	150	5	10,00	0,50	2400	"mikro"	63,2%						
601	9.12.10	"Grootonk"	"10b228"	"10b228-1500t1"	"ZnO geätzt"	650	488	150	5	10,00	0,50	2400	"mikro"	66,8%						
602	9.12.10	"Grootonk"	"10b228"	"10b228-2000t1"	"ZnO geätzt"	650	488	150	5	10,00	0,50	2400	"mikro"	66,8%						
603	9.12.10	"Grootonk"	"10b228"	"10b228-2500t1"	"ZnO geätzt"	650	488	150	5	10,00	0,50	2400	"mikro"	63,9%						
604	9.12.10	"Grootonk"	"10b228"	"10b228-3000t1"	"ZnO geätzt"	650	488	150	5	10,00	0,50	2400	"mikro"	58,8%						
605	9.12.10	"Grootonk"	"10b228"	"10b228-3500t1"	"ZnO geätzt"	650	488	150	5	10,00	0,50	2400	"mikro"	60,1%						
606	9.12.10	"Grootonk"	"10b228"	"10b228-4000t1"	"ZnO geätzt"	650	488	150	5	10,00	0,50	2400	"mikro"	71,8%						
607	9.12.10	"Grootonk"	"10b255"	"10b255-0t1"	"ZnO geätzt"	650	488	150	5	10,00	0,50	2400	"mikro"	23,0%						
608	9.12.10	"Grootonk"	"10b255"	"10b255-500t1"	"ZnO geätzt"	650	488	150	5	10,00	0,50	2400	"mikro"	31,5%						
609	9.12.10	"Grootonk"	"10b255"	"10b255-1000t1"	"ZnO geätzt"	650	488	150	5	10,00	0,50	2400	"mikro"	22,0%						
610	9.12.10	"Grootonk"	"10b255"	"10b255-1500t1"	"ZnO geätzt"	650	488	150	5	10,00	0,50	2400	"mikro"	38,4%						
611	9.12.10	"Grootonk"	"10b255"	"10b255-2000t1"	"ZnO geätzt"	650	488	150	5	10,00	0,50	2400	"mikro"	30,8%						
612	9.12.10	"Grootonk"	"10b255"	"10b255-2500t1"	"ZnO geätzt"	650	488	150	5	10,00	0,50	2400	"mikro"	24,6%						
613	9.12.10	"Grootonk"	"10b255"	"10b255-2750t1"	"ZnO geätzt"	650	488	150	5	10,00	0,50	2400	"mikro"	50,6%						
614	9.12.10	"Grootonk"	"10b255"	"10b255-3000t1"	"ZnO geätzt"	650	488	150	5	10,00	0,50	2400	"mikro"	34,5%						
615	9.12.10	"Grootonk"	"10b255"	"10b255-3250t1"	"ZnO geätzt"	650	488	150	5	10,00	0,50	2400	"mikro"	21,4%						
616	9.12.10	"Grootonk"	"10b255"	"10b255-3500t1"	"ZnO geätzt"	650	488	150	5	10,00	0,50	2400	"mikro"	10,1%						
617	9.12.10	"Grootonk"	"10b255"	"10b255-3750t1"	"ZnO geätzt"	650	488	150	5	10,00	0,50	2400	"mikro"	14,3%						
618	9.12.10	"Grootonk"	"10b255"	"10b255-4000t1"	"ZnO geätzt"	650	488	150	5	10,00	0,50	2400	"mikro"	29,2%						
619	9.12.10	"Grootonk"	"10b255"	"10b255-4250t1"	"ZnO geätzt"	650	488	150	5	10,00	0,50	2400	"mikro"	29,2%						
620	9.12.10	"Grootonk"	"10b255"	"10b255-4500t1"	"ZnO geätzt"	650	488	150	5	10,00	0,50	2400	"mikro"	53,9%						
621	9.12.10	"Grootonk"	"10b255"	"10b255-4750t1"	"ZnO geätzt"	650	488	150	5	10,00	0,50	2400	"mikro"	20,8%						
622	23.12.10	"Pennartz"	"10f118"	"10f118cr01"	"Chrom"	1500	488	150	5	20,00	20,00	1200								
623	23.12.10	"Pennartz"	"10f115"	"10f115cr01"	"Chrom"	1500	488	150	5	30,00	20,00	1200								
624	23.12.10	"Pennartz"	"10f116"	"10f116cr01"	"Chrom"	1500	488	150	5	60,00	20,00	1200								
625	23.12.10	"Pennartz"	"10f101"	"10f101cr01"	"Chrom"	1500	488	150	5	5,00	20,00	1200								
626	23.12.10	"Pennartz"	"10f117"	"10f117cr01"	"Chrom"	1500	488	150	5	30,00	20,00	1200								
627	23.12.10	"Pennartz"	"10f119"	"10f119cr01"	"Chrom"	1500	488	150	10	60,00	20,00	1200								
628	11.1.11	"Klein"	"05c047"	"05c047c2"					5	30,00	20,00									
629	11.1.11	"Klein"	"05c047b"	"05c047bc2"																
630	20.1.11	"Pennartz"	"10F120"	"10f120cr01"	"Chrom"	1500	488	150	5	30,00	25,00	1200								
631	20.1.11	"Pennartz"	"10f119"	"10f119ref01"	"Quarz"				5	30,00	25,00	1200								
632	20.1.11	"Pennartz"	"10f119"	"10f119_1h_100grad"	"Quarz"				5	30,00	25,00	1200								
633	20.1.11	"ACME"	"JL0335_413"	"JL0335_413_L1"	"Corning 1.1mm"	1500	488	150	10	90,00	25,00	1200								
634	20.1.11	"ACME"	"JL0335_413"	"JL0335_413_R1"	"Corning 1.1mm"	1500	488	150	10	90,00	25,00	1200								
635	20.1.11	"ACME"	"JL0335_413"	"JL0335_413_L2"	"Corning 1.1mm"	1500	488	150	10	90,00	25,00	1200								
636	20.1.11	"ACME"	"JL0335_413"	"JL0335_413_L3"	"Corning 1.1mm"	1500	488	150	10	90,00	25,00	1200								
637	20.1.11	"ACME"	"JL0335_613"	"JL0335_613c1"	"Corning 1.1mm"	1500	488	150	10	90,00	25,00	1200								
638	20.1.11	"ACME"	"JL0335_713"	"JL0335_713c1"	"Corning 1.1mm"	1500	488	150	10	90,00	25,00	1200								
639	2.2.11	"Ding"	"quarz_neu"	"quarz_neu_1"	"Quarz"	1500	488	150	5	20,00	25,00	1200			"keine PL gesehen!"					
640	2.2.11	"Ding"	"quarz_alt"	"quarz_alt_1"	"Quarz"	1500	488	150	5	4,00	25,00	1200								
641	2.2.11	"Chen"	"08h021q"	"08h021q1_5x60s"	"Quarz"	1500	488	150	5	60,00	25,00	1200								
642	2.2.11	"Chen"	"08h021cr"	"08h021cr1_5x30s"	"Quarz"	1500	488	150	5	30,00	25,00	1200								
643	25.2.11	"ISFH"	"105"	"isfh_105_1"		650	488	150	5	20,00	12,00	2400								
644	25.2.11	"ISFH"	"221"	"isfh_221_1"		650	488	150	5	30,00										
645	25.2.11	"ISFH"	"220"	"isfh_220_1"		650	488	150	10	30,00										
646	25.2.11	"ISFH"	"211"	"isfh_211_1"		650	488	150	10	30,00										
647	25.2.11	"ISFH"	"141"	"isfh_141_1"		650	488	150	10	30,00										
648	25.2.11	"ISFH"	"140"	"isfh_140_1"		650	488	150	10	60,00										
649	25.2.11	"ISFH"	"130"	"isfh_130_1"		650	488	150	10	40,00										
650	25.2.11	"ISFH"	"131"	"isfh_131_1"		650	488	150	10	40,00										
651	25.2.11	"ISFH"	"132"						10	40,00										
652	25.2.11	"ISFH"	"133"																	
653	28.2.11	"Pennartz"	"11F001"	"11F001cr01"	"Chrom"	1500	488	150	5	10,00	25,00	1200								
654	28.2.11	"Pennartz"	"11F002"	"11F002cr01"	"Chrom"	1500	488	150	5	120,00	25,00	1200								
655	28.2.11	"Pennartz"	"11F003"	"11F003cr01"	"Chrom"	1500	488	150	10	0,50	25,00	1200			"PL überstrahlt"					
656	28.2.11	"Pennartz"	"11F004"	"11F004cr01"	"Chrom"	1500	488	150	10	120,00	25,00	1200								
657	28.2.11	"Pennartz"	"11F005"	"11F005cr01"	"Chrom"	1500	488	150	10	30,00	25,00	1200								
658	28.2.11	"Pennartz"	"11F006"	"11F006cr01"	"Chrom"	1500	488	150	10	30,00	25,00	1200								
659	28.2.11	"Pennartz"	"11F110"	"11F110cr01"	"Chrom"	1500	488	150	10	0,50	25,00	1200								
660	28.2.11	"Ding"	"11c018q2_185_1000_4h"	"11c018q2_185_1000_4h_1"	"Quarz"	1500	488	150	10	30,00	25,00									
661	28.2.11	"Ding"	"11c018q2_187_1000_4h"	"11c018q2_187_1000_4h_1"	"Quarz"	1500	488	150	10	30,00	25,00									
662	28.2.11	"Ding"	"11c029q2_185_1000_4h"	"11c029q2_185_1000_4h_1"	"Quarz"	1500	488	150	5	10,00	25,00									
663	28.2.11	"Ding"	"quarz_neu_2"	"quarz_neu_2_1"	"Quarz"	1500	488	150	5	10,00	25,00									
